Date,Open,High,Low,Close,Volume,Market Cap
2018/10/23,0.45307,0.471596,0.439644,0.462058,"445,238,000","18,121,722,845"
2018/10/22,0.456089,0.458188,0.450583,0.453109,"249,302,000","18,242,475,905"
2018/10/21,0.458863,0.463629,0.455411,0.456694,"262,867,000","18,353,416,238"
2018/10/20,0.453936,0.461899,0.45107,0.459151,"277,061,000","18,156,365,400"
2018/10/19,0.457344,0.460625,0.450369,0.454178,"303,401,000","18,292,697,001"
2018/10/18,0.467653,0.474622,0.447294,0.457725,"476,876,000","18,705,009,203"
2018/10/17,0.469701,0.478521,0.460343,0.468197,"526,538,000","18,786,911,870"
2018/10/16,0.448066,0.47099,0.445319,0.470253,"605,102,000","17,921,587,053"
2018/10/15,0.401654,0.472133,0.396701,0.447316,"1,041,470,000","16,065,199,320"
2018/10/14,0.418573,0.424992,0.40146,0.403286,"289,195,000","16,741,923,546"
2018/10/13,0.416294,0.425624,0.414515,0.418878,"373,875,000","16,650,777,937"
2018/10/12,0.379313,0.439544,0.378914,0.419115,"820,154,000","15,171,606,884"
2018/10/11,0.461497,0.461497,0.381614,0.38313,"791,202,000","18,458,793,401"
2018/10/10,0.479151,0.479151,0.459042,0.462387,"412,207,000","19,135,108,955"
2018/10/9,0.490604,0.491133,0.471116,0.479857,"416,867,000","19,592,477,417"
2018/10/8,0.484018,0.496593,0.479386,0.489751,"540,832,000","19,329,458,625"
2018/10/7,0.490268,0.490268,0.469887,0.482039,"548,645,000","19,579,049,942"
2018/10/6,0.519354,0.520882,0.470532,0.488082,"672,167,000","20,740,595,570"
2018/10/5,0.52753,0.530432,0.51032,0.519026,"589,636,000","21,067,120,536"
2018/10/4,0.528892,0.547161,0.52625,0.526606,"621,615,000","21,121,535,016"
2018/10/3,0.51722,0.536097,0.512269,0.528162,"789,229,000","20,655,379,543"
2018/10/2,0.577145,0.577145,0.518287,0.520837,"743,705,000","23,048,516,946"
2018/10/1,0.583511,0.602337,0.537349,0.576461,"1,412,800,000","23,265,129,410"
2018/9/30,0.568045,0.618702,0.564195,0.581572,"1,329,720,000","22,648,482,209"
2018/9/29,0.539412,0.587431,0.529954,0.571228,"1,034,370,000","21,506,830,064"
2018/9/28,0.54303,0.548805,0.522197,0.539112,"718,255,000","21,651,113,979"
2018/9/27,0.516478,0.550922,0.513967,0.541381,"824,083,000","20,592,429,897"
2018/9/26,0.520288,0.566711,0.491498,0.516308,"1,821,610,000","20,744,361,360"
2018/9/25,0.487622,0.546061,0.441519,0.526941,"1,639,680,000","19,441,931,263"
2018/9/24,0.570614,0.580377,0.489646,0.494712,"1,034,380,000","22,715,618,493"
2018/9/23,0.57522,0.595025,0.559651,0.570689,"1,043,970,000","22,898,988,896"
2018/9/22,0.565468,0.609112,0.495737,0.570798,"2,411,430,000","22,510,774,201"
2018/9/21,0.452836,0.76938,0.429052,0.561462,"4,101,490,000","18,026,983,451"
2018/9/20,0.326441,0.477467,0.322347,0.449918,"1,291,360,000","12,995,296,506"
2018/9/19,0.320324,0.334734,0.313853,0.326053,"489,609,000","12,751,815,823"
2018/9/18,0.271452,0.332653,0.27101,0.32186,"600,216,000","10,806,270,795"
2018/9/17,0.281545,0.283361,0.268184,0.272251,"246,489,000","11,208,027,091"
2018/9/16,0.281723,0.281846,0.276549,0.281166,"197,009,000","11,215,132,456"
2018/9/15,0.277006,0.283564,0.276765,0.282008,"205,361,000","11,027,367,618"
2018/9/14,0.281184,0.284941,0.273855,0.277159,"269,029,000","11,166,631,222"
2018/9/13,0.270783,0.284655,0.267846,0.280583,"311,799,000","10,753,576,244"
2018/9/12,0.263166,0.272626,0.255756,0.270087,"298,449,000","10,451,083,575"
2018/9/11,0.270167,0.274917,0.255917,0.26371,"200,330,000","10,729,099,551"
2018/9/10,0.280237,0.282113,0.26382,0.270321,"204,958,000","11,111,435,989"
2018/9/9,0.278661,0.291261,0.274478,0.27868,"168,991,000","11,048,955,365"
2018/9/8,0.291119,0.296207,0.273789,0.279333,"169,208,000","11,542,912,112"
2018/9/7,0.301431,0.305307,0.287287,0.291435,"213,961,000","11,951,803,040"
2018/9/6,0.2835,0.305327,0.276112,0.30271,"329,763,000","11,240,798,945"
2018/9/5,0.331465,0.3341,0.283601,0.283601,"344,488,000","13,142,626,421"
2018/9/4,0.335184,0.34032,0.330305,0.331652,"241,419,000","13,290,111,416"
2018/9/3,0.343137,0.343684,0.334542,0.335961,"201,147,000","13,605,424,981"
2018/9/2,0.347323,0.349541,0.338393,0.342523,"240,907,000","13,771,423,148"
2018/9/1,0.335313,0.352657,0.334467,0.347721,"257,267,000","13,295,224,488"
31-Aug-18,0.335474,0.338988,0.328373,0.335332,"219,139,000","13,301,609,033"
30-Aug-18,0.344546,0.34664,0.325641,0.335444,"263,925,000","13,661,315,450"
29-Aug-18,0.350833,0.353745,0.341238,0.344803,"275,908,000","13,899,357,389"
28-Aug-18,0.337527,0.356798,0.334971,0.351837,"329,550,000","13,372,216,711"
27-Aug-18,0.323643,0.337781,0.323066,0.336903,"227,284,000","12,791,844,745"
26-Aug-18,0.328162,0.328327,0.320571,0.323776,"168,718,000","12,970,457,794"
25-Aug-18,0.32765,0.33153,0.324468,0.32823,"167,363,000","12,950,216,379"
24-Aug-18,0.32739,0.328584,0.318217,0.327606,"244,571,000","12,939,944,898"
23-Aug-18,0.319573,0.328813,0.319176,0.327709,"217,578,000","12,630,954,713"
22-Aug-18,0.334434,0.350122,0.316613,0.319803,"286,845,000","13,167,469,147"
21-Aug-18,0.318219,0.3381,0.316983,0.335177,"248,735,000","12,529,064,599"
20-Aug-18,0.344451,0.351689,0.317692,0.319283,"311,144,000","13,561,851,038"
19-Aug-18,0.327363,0.353079,0.321945,0.343978,"327,300,000","12,889,055,633"
18-Aug-18,0.363027,0.369954,0.317115,0.3271,"434,332,000","14,293,247,833"
17-Aug-18,0.292808,0.373619,0.292766,0.366676,"497,206,000","11,528,558,090"
16-Aug-18,0.282034,0.300958,0.278203,0.292436,"238,219,000","11,104,340,439"
15-Aug-18,0.276797,0.301744,0.276797,0.282005,"332,432,000","10,898,166,615"
14-Aug-18,0.278738,0.279615,0.253983,0.274272,"276,768,000","10,974,569,489"
13-Aug-18,0.297572,0.31068,0.276544,0.277466,"235,117,000","11,694,547,623"
12-Aug-18,0.300604,0.309376,0.297057,0.29787,"178,827,000","11,813,701,285"
11-Aug-18,0.321122,0.32121,0.291582,0.301262,"284,423,000","12,620,041,078"
10-Aug-18,0.346167,0.347973,0.316909,0.320426,"249,264,000","13,604,325,471"
9-Aug-18,0.333771,0.359654,0.332608,0.346771,"325,775,000","13,117,166,262"
8-Aug-18,0.380875,0.380875,0.326996,0.331944,"360,857,000","14,968,341,740"
7-Aug-18,0.413776,0.415917,0.379526,0.381006,"244,448,000","16,261,364,052"
6-Aug-18,0.433886,0.435794,0.40668,0.414081,"242,075,000","17,051,681,452"
5-Aug-18,0.42858,0.434594,0.427522,0.433638,"186,848,000","16,843,146,733"
4-Aug-18,0.441039,0.443058,0.427125,0.428507,"185,678,000","17,332,793,629"
3-Aug-18,0.430397,0.443633,0.426481,0.440571,"278,870,000","16,921,348,859"
2-Aug-18,0.447016,0.447645,0.429939,0.430254,"204,898,000","17,574,734,907"
1-Aug-18,0.435562,0.459134,0.427168,0.445852,"323,200,000","17,124,399,552"
31-Jul-18,0.445892,0.446124,0.427753,0.435225,"228,767,000","17,530,533,747"
30-Jul-18,0.453469,0.454549,0.436964,0.446107,"247,714,000","17,828,443,993"
29-Jul-18,0.456606,0.45714,0.450249,0.453306,"191,966,000","17,951,776,768"
28-Jul-18,0.454599,0.45617,0.449695,0.453667,"157,346,000","17,872,869,376"
27-Jul-18,0.449623,0.459486,0.445224,0.453635,"203,720,992","17,677,234,176"
26-Jul-18,0.459447,0.466983,0.446849,0.44992,"199,587,008","18,063,472,640"
25-Jul-18,0.455842,0.465526,0.450719,0.459829,"255,872,000","17,921,738,752"
24-Jul-18,0.445559,0.466819,0.438565,0.457623,"319,956,000","17,517,457,408"
23-Jul-18,0.449121,0.461783,0.444498,0.445276,"194,542,000","17,657,499,648"
22-Jul-18,0.455002,0.460989,0.44914,0.449311,"158,906,000","17,888,714,752"
21-Jul-18,0.446219,0.458755,0.438318,0.45541,"180,339,008","17,543,405,568"
20-Jul-18,0.476485,0.476485,0.436483,0.446994,"295,403,008","18,733,334,528"
19-Jul-18,0.487577,0.491237,0.471724,0.476433,"293,942,016","19,143,464,960"
18-Jul-18,0.505118,0.51956,0.477234,0.486389,"367,988,992","19,832,168,448"
17-Jul-18,0.481301,0.516604,0.470048,0.505587,"347,700,000","18,897,053,696"
16-Jul-18,0.446413,0.483401,0.444505,0.483401,"269,283,008","17,527,265,280"
15-Jul-18,0.439095,0.448987,0.437194,0.445894,"152,903,008","17,239,943,168"
14-Jul-18,0.438561,0.441646,0.433895,0.439271,"134,840,992","17,218,975,744"
13-Jul-18,0.436514,0.444508,0.434805,0.438741,"179,403,008","17,138,606,080"
12-Jul-18,0.449882,0.449972,0.428033,0.435364,"182,139,008","17,663,467,520"
11-Jul-18,0.445127,0.452545,0.443574,0.450233,"183,887,008","17,476,773,888"
10-Jul-18,0.473855,0.474336,0.443261,0.445042,"230,418,000","18,604,705,792"
9-Jul-18,0.477291,0.480774,0.472653,0.47427,"206,344,992","18,739,611,648"
8-Jul-18,0.492319,0.494895,0.475966,0.477749,"226,644,000","19,329,646,592"
7-Jul-18,0.478617,0.492477,0.467716,0.492477,"214,979,008","18,791,673,856"
6-Jul-18,0.480579,0.481473,0.462414,0.479151,"245,003,008","18,868,705,280"
5-Jul-18,0.490422,0.497402,0.472966,0.481625,"279,999,008","19,254,996,992"
4-Jul-18,0.485584,0.503604,0.475774,0.490043,"313,828,992","19,065,044,992"
3-Jul-18,0.486259,0.515696,0.480843,0.485223,"410,225,984","19,091,548,160"
2-Jul-18,0.461606,0.488924,0.453839,0.486122,"335,919,008","18,123,620,352"
1-Jul-18,0.465944,0.46628,0.450816,0.461358,"267,224,992","18,293,938,176"
30-Jun-18,0.454112,0.480147,0.454112,0.466245,"345,528,992","17,829,388,288"
29-Jun-18,0.448354,0.45834,0.427302,0.45308,"309,777,984","17,603,317,760"
28-Jun-18,0.47033,0.471683,0.44575,0.448458,"220,566,000","18,466,123,776"
27-Jun-18,0.455551,0.472758,0.45196,0.47037,"215,618,000","17,885,888,512"
26-Jun-18,0.482381,0.482872,0.456001,0.456001,"179,426,000","18,939,273,216"
25-Jun-18,0.477106,0.49111,0.47556,0.481753,"231,728,992","18,724,169,728"
24-Jun-18,0.491773,0.493725,0.450048,0.47738,"369,520,000","19,299,774,464"
23-Jun-18,0.487309,0.496713,0.480874,0.491284,"204,927,008","19,124,588,544"
22-Jun-18,0.535091,0.535091,0.477286,0.486947,"339,428,992","20,999,798,784"
21-Jun-18,0.539228,0.547007,0.530697,0.534775,"194,312,000","21,162,160,128"
20-Jun-18,0.549738,0.550554,0.525859,0.539286,"256,920,000","21,574,639,616"
19-Jun-18,0.538614,0.558059,0.534595,0.549621,"255,400,000","21,138,071,552"
18-Jun-18,0.52882,0.547794,0.511833,0.537495,"276,527,008","20,753,696,768"
17-Jun-18,0.535536,0.538881,0.525215,0.528216,"166,028,000","21,017,262,080"
16-Jun-18,0.537106,0.539293,0.523588,0.534784,"202,682,000","21,078,878,208"
15-Jun-18,0.560062,0.560062,0.534301,0.537707,"241,684,992","21,979,799,552"
14-Jun-18,0.535435,0.57059,0.526614,0.561306,"379,824,992","21,012,770,816"
13-Jun-18,0.562845,0.564642,0.517036,0.534663,"359,864,992","22,088,464,384"
12-Jun-18,0.602136,0.602139,0.556653,0.562933,"309,544,000","23,630,413,824"
11-Jun-18,0.586198,0.604066,0.568721,0.604066,"336,547,008","23,004,934,144"
10-Jun-18,0.659514,0.659514,0.561237,0.588126,"492,555,008","25,882,169,344"
9-Jun-18,0.674778,0.678893,0.659755,0.659755,"175,990,000","26,481,182,720"
8-Jun-18,0.677586,0.679668,0.660804,0.674343,"221,887,008","26,591,389,696"
7-Jun-18,0.675313,0.688223,0.673146,0.678128,"244,568,000","26,500,311,040"
6-Jun-18,0.677901,0.681668,0.660059,0.674797,"273,966,016","26,601,873,408"
5-Jun-18,0.661898,0.68384,0.641428,0.677015,"386,328,000","25,973,901,312"
4-Jun-18,0.692466,0.703623,0.644603,0.661425,"558,131,008","27,173,410,816"
3-Jun-18,0.643412,0.673594,0.640891,0.671205,"327,804,000","25,248,462,848"
2-Jun-18,0.623462,0.648982,0.619477,0.643451,"315,206,016","24,465,598,464"
1-Jun-18,0.612893,0.624824,0.609069,0.623364,"263,088,000","24,019,240,960"
31-May-18,0.603452,0.621636,0.596089,0.612622,"283,328,000","23,649,263,616"
30-May-18,0.603769,0.627679,0.590058,0.605817,"320,604,992","23,661,682,688"
29-May-18,0.556084,0.610749,0.551635,0.601241,"380,744,000","21,792,913,408"
28-May-18,0.608368,0.609781,0.552299,0.552299,"327,903,008","23,841,910,784"
27-May-18,0.61204,0.612884,0.603328,0.607881,"186,963,008","23,985,823,744"
26-May-18,0.610118,0.626494,0.6038,0.612708,"213,242,000","23,910,506,496"
25-May-18,0.632924,0.636208,0.603334,0.611001,"289,816,000","24,804,259,840"
24-May-18,0.599207,0.640258,0.589272,0.631997,"440,532,992","23,482,884,096"
23-May-18,0.648634,0.649121,0.586997,0.599594,"482,480,992","25,419,945,984"
22-May-18,0.682151,0.682933,0.644588,0.645567,"234,712,992","26,733,486,080"
21-May-18,0.700441,0.703051,0.676203,0.681587,"250,480,992","27,450,261,504"
20-May-18,0.677258,0.704614,0.673348,0.700244,"275,614,016","26,541,729,792"
19-May-18,0.680759,0.69045,0.665896,0.676713,"249,039,008","26,678,913,024"
18-May-18,0.6654,0.685625,0.65339,0.680294,"344,944,000","26,077,022,208"
17-May-18,0.713388,0.714618,0.661213,0.66731,"337,999,008","27,957,649,408"
16-May-18,0.69592,0.714081,0.669438,0.714081,"429,641,984","27,273,091,072"
15-May-18,0.738938,0.752269,0.692667,0.698588,"422,980,000","28,958,941,184"
14-May-18,0.744701,0.756983,0.707693,0.740898,"613,462,016","29,184,794,624"
13-May-18,0.698085,0.758977,0.680971,0.745748,"532,488,000","27,357,941,760"
12-May-18,0.685772,0.714918,0.639771,0.696735,"596,684,992","26,875,392,000"
11-May-18,0.756578,0.761326,0.656026,0.684948,"991,409,024","29,641,412,608"
10-May-18,0.803212,0.808914,0.757342,0.758237,"399,324,000","31,468,457,984"
9-May-18,0.813393,0.819969,0.7703,0.802043,"611,574,976","31,867,320,320"
8-May-18,0.833086,0.846992,0.803568,0.81397,"465,040,992","32,638,867,456"
7-May-18,0.871214,0.871236,0.812933,0.832641,"602,534,976","34,132,639,744"
6-May-18,0.904235,0.918675,0.855972,0.871424,"640,057,024","35,426,365,440"
5-May-18,0.895562,0.922354,0.895562,0.905103,"668,800,000","35,086,573,568"
4-May-18,0.881536,0.927695,0.866922,0.895442,"1,007,609,984","34,537,046,016"
3-May-18,0.85898,0.892916,0.847319,0.884466,"725,228,992","33,632,360,448"
2-May-18,0.839355,0.86428,0.831713,0.859094,"544,425,984","32,863,961,088"
1-May-18,0.838355,0.842069,0.797826,0.841407,"630,809,024","32,818,413,568"
30-Apr-18,0.871404,0.876788,0.831208,0.837938,"575,363,968","34,112,151,552"
29-Apr-18,0.864399,0.904945,0.83448,0.872778,"896,313,984","33,837,930,496"
28-Apr-18,0.812063,0.887591,0.812063,0.863804,"788,718,976","31,789,191,168"
27-Apr-18,0.851139,0.859641,0.813885,0.813885,"673,793,024","33,318,862,848"
26-Apr-18,0.801774,0.852414,0.771787,0.852414,"1,028,590,016","31,386,415,104"
25-Apr-18,0.932771,0.932771,0.779231,0.800607,"1,614,050,048","36,514,459,648"
24-Apr-18,0.876012,0.96561,0.873566,0.934781,"1,572,930,048","34,292,535,296"
23-Apr-18,0.866578,0.88629,0.863304,0.876657,"674,545,024","33,902,962,688"
22-Apr-18,0.86682,0.911901,0.848091,0.869995,"946,398,976","33,912,430,592"
21-Apr-18,0.925021,0.925021,0.821113,0.873103,"1,563,970,048","36,189,405,184"
20-Apr-18,0.791172,0.938354,0.791172,0.924465,"2,344,069,888","30,952,869,888"
19-Apr-18,0.712059,0.791976,0.706841,0.791976,"878,328,000","27,857,733,632"
18-Apr-18,0.657052,0.721426,0.657052,0.708932,"624,049,024","25,705,693,184"
17-Apr-18,0.66489,0.677356,0.654346,0.656933,"442,352,992","26,012,346,368"
16-Apr-18,0.682296,0.687165,0.63861,0.663297,"531,996,000","26,693,345,280"
15-Apr-18,0.634883,0.682534,0.634143,0.682534,"609,636,992","24,838,377,472"
14-Apr-18,0.63738,0.661508,0.616307,0.632184,"626,268,032","24,936,069,120"
13-Apr-18,0.630093,0.693112,0.605816,0.638087,"1,245,170,048","24,650,981,376"
12-Apr-18,0.538657,0.644518,0.506543,0.628737,"1,346,739,968","21,058,555,904"
11-Apr-18,0.492568,0.548455,0.489026,0.539506,"341,707,008","19,256,721,408"
10-Apr-18,0.492134,0.493645,0.482839,0.491931,"154,495,008","19,239,753,728"
9-Apr-18,0.501201,0.512142,0.482573,0.491855,"271,775,008","19,594,213,376"
8-Apr-18,0.488227,0.501418,0.487591,0.500398,"137,548,000","19,086,993,408"
7-Apr-18,0.476851,0.495667,0.474575,0.487867,"209,076,000","18,642,259,968"
6-Apr-18,0.494781,0.49809,0.465615,0.476431,"218,156,000","19,343,226,880"
5-Apr-18,0.50195,0.505882,0.48449,0.495801,"358,755,008","19,623,483,392"
4-Apr-18,0.554569,0.563117,0.498487,0.501631,"415,257,984","21,680,592,896"
3-Apr-18,0.501533,0.562698,0.499658,0.558044,"578,238,976","19,607,187,456"
2-Apr-18,0.486067,0.510446,0.478596,0.500688,"262,342,000","19,002,546,176"
1-Apr-18,0.513854,0.515437,0.466223,0.485081,"297,868,992","20,088,877,056"
31-Mar-18,0.510617,0.529406,0.505167,0.512353,"293,208,000","19,962,322,944"
30-Mar-18,0.513268,0.531276,0.484362,0.509565,"518,219,008","20,065,822,720"
29-Mar-18,0.577767,0.57864,0.511511,0.511511,"420,550,016","22,587,353,088"
28-Mar-18,0.577511,0.594023,0.572828,0.578002,"258,298,000","22,577,346,560"
27-Mar-18,0.599026,0.604332,0.565132,0.577917,"351,380,992","23,418,449,920"
26-Mar-18,0.642683,0.644121,0.585922,0.599463,"384,504,992","25,125,197,824"
25-Mar-18,0.638632,0.657213,0.631901,0.641875,"229,352,000","24,966,815,744"
24-Mar-18,0.646214,0.679608,0.640516,0.641265,"390,740,000","25,263,249,408"
23-Mar-18,0.663111,0.663111,0.625258,0.643174,"387,164,000","25,923,799,040"
22-Mar-18,0.693145,0.701351,0.636741,0.662743,"449,041,984","27,097,866,240"
21-Mar-18,0.713055,0.72061,0.679162,0.693664,"527,324,000","27,876,229,120"
20-Mar-18,0.736759,0.736759,0.673427,0.709808,"814,275,968","28,802,932,736"
19-Mar-18,0.672126,0.74908,0.640012,0.74908,"1,096,930,048","26,274,572,288"
18-Mar-18,0.634466,0.677591,0.548815,0.658777,"923,606,016","24,802,369,536"
17-Mar-18,0.687745,0.689434,0.626709,0.637856,"319,824,000","26,885,122,048"
16-Mar-18,0.699063,0.71178,0.674463,0.68926,"502,740,000","27,327,555,584"
15-Mar-18,0.702913,0.730673,0.643845,0.697269,"888,345,024","27,478,089,728"
14-Mar-18,0.789569,0.79908,0.67601,0.701902,"479,148,992","30,865,598,464"
13-Mar-18,0.798451,0.805729,0.778471,0.789711,"279,679,008","31,212,996,608"
12-Mar-18,0.832127,0.838328,0.787882,0.801048,"355,031,008","32,529,475,584"
11-Mar-18,0.795765,0.840407,0.775737,0.831122,"472,972,000","31,108,007,936"
10-Mar-18,0.854872,0.860443,0.793736,0.796627,"402,670,016","33,418,606,592"
9-Mar-18,0.826122,0.856182,0.751485,0.849761,"989,203,008","32,294,725,632"
8-Mar-18,0.872508,0.888562,0.825387,0.825857,"499,496,000","34,108,028,928"
7-Mar-18,0.924378,0.930659,0.824895,0.87121,"809,598,016","36,135,747,584"
6-Mar-18,0.954448,0.991306,0.916863,0.922887,"875,180,032","37,311,221,760"
5-Mar-18,1.01,1.08,0.956116,0.959368,"1,706,819,968","39,650,660,352"
4-Mar-18,0.906008,1.03,0.895618,1.01,"797,225,984","35,417,632,768"
3-Mar-18,0.908786,0.926512,0.903604,0.907804,"280,852,992","35,526,213,632"
2-Mar-18,0.926638,0.933912,0.902286,0.910144,"271,036,000","36,226,727,936"
1-Mar-18,0.904131,0.953796,0.89063,0.928347,"475,256,992","35,346,825,216"
28-Feb-18,0.944697,0.95555,0.903787,0.904583,"329,529,984","36,932,734,976"
27-Feb-18,0.959302,0.97258,0.944977,0.947305,"312,712,992","37,503,721,472"
26-Feb-18,0.943704,0.970906,0.913403,0.956859,"458,612,992","36,893,913,088"
25-Feb-18,0.951977,0.967597,0.915279,0.943487,"360,271,008","37,217,333,248"
24-Feb-18,0.997659,1.01,0.929456,0.954402,"489,920,000","39,003,295,744"
23-Feb-18,0.934176,1.03,0.898286,0.998855,"896,403,968","36,441,473,024"
22-Feb-18,1.01,1.05,0.922458,0.941788,"889,707,008","39,487,447,040"
21-Feb-18,1.08,1.1,0.998881,1.02,"871,526,016","42,207,633,408"
20-Feb-18,1.14,1.17,1.08,1.09,"806,673,024","44,648,144,896"
19-Feb-18,1.12,1.17,1.12,1.14,"556,304,000","43,813,257,216"
18-Feb-18,1.2,1.21,1.09,1.12,"1,113,650,048","46,997,520,384"
17-Feb-18,1.14,1.22,1.13,1.2,"1,186,729,984","44,370,235,392"
16-Feb-18,1.14,1.15,1.11,1.14,"568,339,008","44,663,255,040"
15-Feb-18,1.14,1.16,1.11,1.15,"1,188,530,048","44,433,596,416"
14-Feb-18,1.03,1.17,1.02,1.14,"1,457,600,000","40,026,513,408"
13-Feb-18,1.08,1.08,1.01,1.03,"921,100,032","42,119,847,936"
12-Feb-18,1.01,1.11,1.01,1.08,"1,756,290,048","39,262,732,288"
11-Feb-18,1.07,1.08,0.929767,1,"2,555,310,080","41,635,549,184"
10-Feb-18,0.947251,1.3,0.947251,1.07,"4,682,010,112","36,951,531,520"
9-Feb-18,0.79714,0.954428,0.77154,0.954428,"1,690,339,968","31,095,808,000"
8-Feb-18,0.729252,0.80697,0.722611,0.805263,"947,315,008","28,447,537,152"
7-Feb-18,0.774576,0.805478,0.70695,0.723895,"1,133,369,984","30,215,620,608"
6-Feb-18,0.705121,0.786004,0.58836,0.776393,"2,361,139,968","27,506,202,624"
5-Feb-18,0.825943,0.833866,0.675827,0.691799,"1,286,179,968","32,219,402,240"
4-Feb-18,0.913418,0.952947,0.796821,0.815703,"1,190,960,000","35,631,726,592"
3-Feb-18,0.891992,0.974799,0.761635,0.924043,"1,988,960,000","34,795,925,504"
2-Feb-18,0.960642,0.960642,0.635185,0.884784,"3,529,760,000","37,473,906,688"
1-Feb-18,1.16,1.16,0.930378,0.96253,"1,410,419,968","44,971,470,848"
31-Jan-18,1.13,1.19,1.04,1.16,"1,264,029,952","43,800,784,896"
30-Jan-18,1.33,1.33,1.13,1.14,"1,134,640,000","51,452,428,288"
29-Jan-18,1.4,1.41,1.3,1.32,"1,073,680,000","54,204,256,256"
28-Jan-18,1.22,1.44,1.22,1.4,"1,327,360,000","47,412,498,432"
27-Jan-18,1.22,1.24,1.19,1.22,"689,100,992","47,180,193,792"
26-Jan-18,1.31,1.33,1.13,1.22,"2,037,570,048","50,706,432,000"
25-Jan-18,1.36,1.38,1.29,1.31,"986,067,968","52,811,091,968"
24-Jan-18,1.35,1.42,1.31,1.36,"1,853,440,000","52,380,082,176"
23-Jan-18,1.35,1.43,1.2,1.34,"2,977,080,064","52,421,304,320"
22-Jan-18,1.39,1.43,1.16,1.36,"2,642,510,080","53,909,807,104"
21-Jan-18,1.58,1.58,1.34,1.38,"2,840,750,080","61,061,906,432"
20-Jan-18,1.56,1.63,1.5,1.58,"2,346,449,920","60,543,016,960"
19-Jan-18,1.58,1.7,1.5,1.55,"3,697,430,016","61,291,933,696"
18-Jan-18,1.31,1.73,1.26,1.6,"9,110,439,936","50,577,063,936"
17-Jan-18,1.18,1.38,0.897797,1.31,"7,251,210,240","45,854,703,616"
16-Jan-18,1.68,1.7,0.909313,1.18,"5,687,960,064","65,018,384,384"
15-Jan-18,1.86,1.9,1.67,1.68,"1,838,460,032","71,909,433,344"
14-Jan-18,2.02,2.02,1.81,1.86,"1,978,200,064","78,195,761,152"
13-Jan-18,2.05,2.12,1.98,2.02,"2,130,169,984","79,469,690,880"
12-Jan-18,1.94,2.16,1.87,2.04,"3,330,810,112","75,172,454,400"
11-Jan-18,1.98,2.25,1.62,1.95,"6,296,119,808","76,711,796,736"
10-Jan-18,2.13,2.16,1.7,1.97,"4,833,639,936","82,511,036,416"
9-Jan-18,2.44,2.53,1.98,2.1,"3,694,700,032","94,657,470,464"
8-Jan-18,3.36,3.36,2.07,2.46,"3,315,259,904","130,301,689,856"
7-Jan-18,3.09,3.49,3.08,3.38,"2,395,150,080","119,818,665,984"
6-Jan-18,3.02,3.24,2.99,3.09,"2,777,560,064","117,032,837,120"
5-Jan-18,3.3,3.56,2.83,3.05,"6,288,500,224","127,870,451,712"
4-Jan-18,3.12,3.84,3.12,3.2,"8,103,660,032","120,763,162,624"
3-Jan-18,2.46,3.28,2.44,3.11,"6,635,879,936","95,457,181,696"
2-Jan-18,2.37,2.49,2.25,2.48,"3,171,010,048","91,791,777,792"
1-Jan-18,2.3,2.39,2.15,2.39,"1,894,230,016","88,945,876,992"
31-Dec-17,2.1,2.39,1.87,2.3,"4,642,079,744","81,162,567,680"
30-Dec-17,2.2,2.85,2.04,2.16,"8,108,389,888","85,187,403,776"
29-Dec-17,1.44,2.27,1.44,2.21,"7,545,739,776","55,767,523,328"
28-Dec-17,1.39,1.5,1.26,1.43,"2,843,300,096","53,998,227,456"
27-Dec-17,1.18,1.47,1.18,1.4,"2,854,259,968","45,875,695,616"
26-Dec-17,1.12,1.19,1.09,1.19,"938,846,976","43,455,410,176"
25-Dec-17,1.05,1.13,1,1.12,"686,014,016","40,506,048,512"
24-Dec-17,1.18,1.18,0.911226,1.04,"754,958,976","45,541,052,416"
23-Dec-17,1.17,1.21,1.08,1.17,"1,497,590,016","45,167,607,808"
22-Dec-17,1.17,1.38,0.741013,1.14,"4,644,700,160","45,189,533,696"
21-Dec-17,0.782515,1.24,0.782515,1.19,"3,626,109,952","30,313,959,424"
20-Dec-17,0.787171,0.789044,0.730953,0.775964,"1,007,420,032","30,494,347,264"
19-Dec-17,0.777447,0.863536,0.756724,0.791257,"1,449,670,016","30,117,617,664"
18-Dec-17,0.728036,0.792014,0.689323,0.778407,"1,342,720,000","28,203,479,040"
17-Dec-17,0.754125,0.765981,0.719929,0.728366,"805,200,000","29,214,173,184"
16-Dec-17,0.755493,0.815923,0.741667,0.758642,"1,334,770,048","29,267,144,704"
15-Dec-17,0.86176,0.86176,0.666114,0.756181,"3,194,210,048","33,383,858,176"
14-Dec-17,0.470648,0.892267,0.466401,0.864263,"6,358,700,032","18,232,489,984"
13-Dec-17,0.372689,0.513768,0.342964,0.471063,"2,738,759,936","14,437,636,096"
12-Dec-17,0.252258,0.434102,0.250961,0.373541,"1,555,040,000","9,772,241,920"
11-Dec-17,0.236574,0.252777,0.235804,0.251691,"176,100,992","9,164,665,856"
10-Dec-17,0.245548,0.245548,0.229304,0.237333,"198,174,000","9,512,332,288"
9-Dec-17,0.252162,0.255684,0.240073,0.244708,"205,288,992","9,768,543,232"
8-Dec-17,0.223636,0.278673,0.222168,0.252125,"660,172,032","8,663,455,744"
7-Dec-17,0.232623,0.23376,0.22134,0.222823,"275,204,992","9,011,627,008"
6-Dec-17,0.245416,0.245705,0.227742,0.232544,"274,526,016","9,507,189,760"
5-Dec-17,0.253598,0.253988,0.245234,0.246101,"174,591,008","9,815,993,344"
4-Dec-17,0.252919,0.255362,0.24716,0.253571,"104,650,000","9,768,475,648"
3-Dec-17,0.25553,0.263072,0.247391,0.252558,"134,710,000","9,869,306,880"
2-Dec-17,0.255656,0.259218,0.250756,0.255492,"118,250,000","9,874,185,216"
1-Dec-17,0.250352,0.258828,0.239438,0.255699,"182,992,000","9,669,294,080"
30-Nov-17,0.246433,0.261524,0.229586,0.250878,"270,907,008","9,517,940,736"
29-Nov-17,0.297867,0.297867,0.239409,0.243064,"541,177,984","11,504,494,592"
28-Nov-17,0.254037,0.301084,0.253415,0.299152,"720,742,976","9,811,652,608"
27-Nov-17,0.248305,0.254733,0.247861,0.253927,"196,735,008","9,590,235,136"
26-Nov-17,0.252914,0.252914,0.248589,0.248818,"133,297,000","9,768,272,896"
25-Nov-17,0.244178,0.2557,0.243584,0.252393,"212,592,992","9,430,846,464"
24-Nov-17,0.242851,0.245388,0.238421,0.244642,"211,486,000","9,379,597,312"
23-Nov-17,0.238991,0.250096,0.237304,0.242402,"240,684,992","9,230,518,272"
22-Nov-17,0.232642,0.240848,0.232317,0.238859,"167,078,000","8,985,303,040"
21-Nov-17,0.237978,0.240974,0.2272,0.233271,"217,851,008","9,191,393,280"
20-Nov-17,0.231336,0.24343,0.230917,0.238759,"214,663,008","8,934,851,584"
19-Nov-17,0.22814,0.236231,0.226037,0.231016,"193,808,000","8,811,412,480"
18-Nov-17,0.226547,0.230399,0.222399,0.228627,"144,298,000","8,749,903,872"
17-Nov-17,0.224768,0.239409,0.220273,0.226581,"397,071,008","8,681,190,400"
16-Nov-17,0.212655,0.27179,0.209287,0.227107,"1,022,579,968","8,213,362,688"
15-Nov-17,0.208937,0.213105,0.208058,0.212956,"100,294,000","8,069,732,864"
14-Nov-17,0.203679,0.213693,0.203679,0.209825,"127,361,000","7,866,672,640"
13-Nov-17,0.197472,0.204081,0.197456,0.203442,"132,567,000","7,608,889,344"
12-Nov-17,0.210214,0.210214,0.195389,0.197339,"251,175,008","8,099,862,016"
11-Nov-17,0.205948,0.214456,0.205459,0.21043,"134,503,008","7,935,490,560"
10-Nov-17,0.218256,0.219068,0.20526,0.206483,"141,032,992","8,409,736,704"
9-Nov-17,0.217911,0.221791,0.214866,0.217488,"147,916,992","8,396,438,528"
8-Nov-17,0.210675,0.221458,0.20806,0.217437,"156,959,008","8,117,615,104"
7-Nov-17,0.205103,0.211375,0.203978,0.210354,"114,073,000","7,902,915,072"
6-Nov-17,0.201967,0.208662,0.20141,0.20599,"102,233,000","7,782,083,072"
5-Nov-17,0.203274,0.205124,0.201117,0.202055,"46,959,000","7,832,454,144"
4-Nov-17,0.208083,0.208479,0.202133,0.20375,"74,013,200","8,017,766,400"
3-Nov-17,0.206205,0.228026,0.201728,0.208133,"373,401,984","7,945,412,096"
2-Nov-17,0.194596,0.211848,0.183815,0.205861,"197,770,000","7,498,092,032"
1-Nov-17,0.200247,0.201501,0.193613,0.194124,"67,921,000","7,715,838,976"
31-Oct-17,0.202405,0.203778,0.200461,0.200558,"43,875,700","7,798,991,360"
30-Oct-17,0.203076,0.204135,0.201946,0.202711,"34,835,100","7,824,821,760"
29-Oct-17,0.201358,0.205209,0.200075,0.202785,"62,511,100","7,758,644,224"
28-Oct-17,0.202592,0.203476,0.201401,0.201835,"26,864,900","7,806,197,760"
27-Oct-17,0.203668,0.204492,0.201771,0.202785,"29,623,000","7,847,645,184"
26-Oct-17,0.204444,0.206289,0.20266,0.203628,"38,193,100","7,877,527,040"
25-Oct-17,0.207113,0.208237,0.201803,0.204604,"75,017,504","7,980,367,360"
24-Oct-17,0.195567,0.217508,0.190455,0.206644,"220,080,992","7,535,481,344"
23-Oct-17,0.203504,0.203919,0.190729,0.196928,"99,914,800","7,841,328,640"
22-Oct-17,0.210958,0.211901,0.200722,0.204177,"75,849,504","8,128,521,728"
21-Oct-17,0.210189,0.212381,0.200774,0.211016,"116,807,000","8,098,915,840"
20-Oct-17,0.215086,0.223822,0.208754,0.210549,"182,704,000","8,287,602,176"
19-Oct-17,0.218229,0.23179,0.208317,0.21515,"304,542,016","8,408,705,024"
18-Oct-17,0.231216,0.23815,0.207265,0.21852,"354,224,992","8,909,100,032"
17-Oct-17,0.256098,0.263147,0.222939,0.232064,"411,264,992","9,867,863,040"
16-Oct-17,0.263386,0.291359,0.24901,0.256232,"963,158,016","10,148,686,848"
15-Oct-17,0.257537,0.268419,0.249048,0.263983,"280,211,008","9,923,312,640"
14-Oct-17,0.26115,0.267721,0.25732,0.25732,"211,160,000","10,062,528,512"
13-Oct-17,0.248285,0.26425,0.238867,0.260489,"398,688,992","9,583,923,200"
12-Oct-17,0.265046,0.267468,0.248414,0.248414,"245,004,000","10,230,906,880"
11-Oct-17,0.260658,0.267843,0.25908,0.264439,"161,206,000","10,061,509,632"
10-Oct-17,0.252825,0.26656,0.241193,0.260733,"384,048,992","9,758,310,400"
9-Oct-17,0.278758,0.278758,0.24043,0.251825,"610,110,016","10,759,281,664"
8-Oct-17,0.238312,0.279944,0.237532,0.279944,"529,838,016","9,198,178,304"
7-Oct-17,0.233963,0.239336,0.233478,0.23861,"77,950,200","9,030,319,104"
6-Oct-17,0.237726,0.242424,0.233533,0.234039,"167,492,000","9,115,314,176"
5-Oct-17,0.215583,0.241023,0.215583,0.237016,"404,299,008","8,266,277,376"
4-Oct-17,0.203218,0.217024,0.202647,0.214774,"123,573,000","7,792,169,472"
3-Oct-17,0.203209,0.204808,0.19873,0.203318,"48,703,100","7,791,817,216"
2-Oct-17,0.206077,0.206556,0.199444,0.202676,"77,412,304","7,901,788,160"
1-Oct-17,0.197622,0.207185,0.19617,0.206532,"51,345,500","7,577,590,784"
30-Sep-17,0.193824,0.199826,0.193497,0.197529,"54,729,300","7,431,966,720"
29-Sep-17,0.196105,0.196203,0.187172,0.193606,"72,291,200","7,519,417,856"
28-Sep-17,0.202532,0.203271,0.191344,0.196131,"117,962,000","7,765,862,400"
27-Sep-17,0.185297,0.207687,0.185098,0.203299,"249,934,000","7,105,013,760"
26-Sep-17,0.181968,0.191247,0.180085,0.186119,"70,000,704","6,977,337,344"
25-Sep-17,0.175519,0.183665,0.174939,0.181487,"35,622,600","6,730,081,280"
24-Sep-17,0.178175,0.178939,0.174165,0.175787,"20,566,500","6,831,897,088"
23-Sep-17,0.173371,0.178672,0.171527,0.177882,"32,476,700","6,647,695,872"
22-Sep-17,0.171567,0.17587,0.169291,0.17351,"37,244,700","6,578,531,840"
21-Sep-17,0.180981,0.182109,0.171148,0.171754,"43,583,200","6,939,501,056"
20-Sep-17,0.18371,0.186229,0.180333,0.182078,"34,521,600","7,044,157,952"
19-Sep-17,0.189819,0.19068,0.181334,0.184041,"54,046,100","7,278,391,296"
18-Sep-17,0.178309,0.190019,0.178309,0.189768,"88,397,904","6,837,059,072"
17-Sep-17,0.178377,0.181121,0.171017,0.178393,"49,161,100","6,839,643,136"
16-Sep-17,0.181925,0.187417,0.172279,0.179082,"84,495,200","6,975,691,776"
15-Sep-17,0.165035,0.189184,0.150973,0.181358,"289,414,016","6,328,091,648"
14-Sep-17,0.200427,0.20201,0.164167,0.164167,"152,532,992","7,685,140,480"
13-Sep-17,0.20963,0.209674,0.196179,0.200778,"105,471,000","8,038,030,848"
12-Sep-17,0.21486,0.220623,0.207608,0.209303,"94,519,504","8,238,545,920"
11-Sep-17,0.212513,0.220057,0.210353,0.214441,"138,339,008","8,148,559,360"
10-Sep-17,0.209606,0.216529,0.197605,0.213031,"117,091,000","8,037,081,088"
9-Sep-17,0.211293,0.211892,0.206395,0.209995,"51,185,500","8,101,801,472"
8-Sep-17,0.223615,0.224308,0.206103,0.211518,"151,328,992","8,574,258,176"
7-Sep-17,0.226382,0.22721,0.219618,0.22364,"103,080,000","8,680,355,840"
6-Sep-17,0.214951,0.22686,0.214805,0.226186,"163,296,992","8,242,062,848"
5-Sep-17,0.20511,0.218674,0.190232,0.215189,"242,636,000","7,864,701,952"
4-Sep-17,0.228781,0.228781,0.19596,0.204968,"239,612,992","8,772,335,616"
3-Sep-17,0.227229,0.236443,0.218662,0.228811,"186,526,000","8,712,838,144"
2-Sep-17,0.249348,0.24968,0.217774,0.226669,"329,928,000","9,560,943,616"
1-Sep-17,0.255803,0.256162,0.243833,0.248479,"283,576,000","9,808,464,896"
31-Aug-17,0.227558,0.261038,0.225907,0.25563,"432,574,016","8,725,450,752"
30-Aug-17,0.218871,0.229805,0.217476,0.228006,"181,186,000","8,392,339,456"
29-Aug-17,0.224026,0.225926,0.214867,0.218564,"269,769,984","8,590,002,176"
28-Aug-17,0.203425,0.23626,0.19661,0.224508,"542,467,968","7,800,086,016"
27-Aug-17,0.212617,0.212617,0.197717,0.202995,"193,971,008","8,152,544,256"
26-Aug-17,0.218256,0.229086,0.210324,0.212577,"184,120,992","8,368,786,944"
25-Aug-17,0.2172,0.232184,0.203022,0.217828,"504,484,000","8,328,297,984"
24-Aug-17,0.252371,0.288783,0.212543,0.218958,"1,342,360,064","9,676,887,040"
23-Aug-17,0.240987,0.297662,0.219992,0.246827,"1,770,400,000","9,240,378,368"
22-Aug-17,0.194971,0.254659,0.171483,0.239286,"1,450,040,064","7,475,950,080"
21-Aug-17,0.15841,0.205684,0.154856,0.191918,"447,088,992","6,074,040,832"
20-Aug-17,0.154569,0.161205,0.153432,0.158735,"68,542,800","5,926,767,104"
19-Aug-17,0.159553,0.162348,0.152305,0.155057,"87,062,096","6,117,891,072"
18-Aug-17,0.157117,0.168716,0.154162,0.158883,"146,539,008","6,024,472,576"
17-Aug-17,0.160787,0.161001,0.155909,0.157498,"56,084,300","6,165,186,048"
16-Aug-17,0.161238,0.161726,0.153087,0.160431,"107,920,000","6,182,492,160"
15-Aug-17,0.16979,0.16979,0.158244,0.161221,"100,614,000","6,510,403,584"
14-Aug-17,0.168376,0.180054,0.165289,0.169991,"84,388,304","6,457,680,896"
13-Aug-17,0.173545,0.174147,0.162625,0.168092,"110,199,000","6,655,928,320"
12-Aug-17,0.179221,0.182599,0.173242,0.173853,"65,229,300","6,873,586,688"
11-Aug-17,0.180175,0.182631,0.177627,0.179307,"54,059,700","6,910,177,280"
10-Aug-17,0.183168,0.1835,0.180013,0.180399,"48,162,800","7,023,383,040"
9-Aug-17,0.192527,0.192914,0.180629,0.182947,"97,805,400","7,382,216,192"
8-Aug-17,0.179602,0.194391,0.178487,0.192586,"180,028,000","6,886,623,232"
7-Aug-17,0.179716,0.181847,0.177605,0.179021,"58,052,100","6,891,016,192"
6-Aug-17,0.185398,0.189486,0.180298,0.180444,"74,161,600","7,108,859,904"
5-Aug-17,0.173865,0.187844,0.173267,0.184737,"114,270,000","6,666,641,408"
4-Aug-17,0.174555,0.176053,0.172224,0.173743,"45,170,000","6,693,122,560"
3-Aug-17,0.173218,0.175969,0.17173,0.174612,"31,479,000","6,639,966,208"
2-Aug-17,0.177531,0.179655,0.171618,0.173113,"53,441,400","6,805,303,296"
1-Aug-17,0.168024,0.178332,0.166124,0.177053,"119,957,000","6,440,863,232"
31-Jul-17,0.16505,0.169535,0.162002,0.167386,"57,273,800","6,326,863,872"
30-Jul-17,0.169494,0.170411,0.164094,0.165082,"40,621,700","6,497,245,696"
29-Jul-17,0.165218,0.171566,0.155475,0.169871,"80,897,000","6,333,335,040"
28-Jul-17,0.173211,0.174078,0.162183,0.165937,"74,649,800","6,639,702,016"
27-Jul-17,0.17521,0.176602,0.17198,0.173457,"34,575,100","6,716,189,696"
26-Jul-17,0.177582,0.180872,0.16906,0.173822,"76,584,600","6,807,114,752"
25-Jul-17,0.19228,0.192734,0.169797,0.178104,"166,807,008","7,370,542,080"
24-Jul-17,0.194979,0.195279,0.189835,0.192002,"56,632,800","7,466,023,936"
23-Jul-17,0.193568,0.204121,0.188722,0.195058,"195,682,000","7,411,976,704"
22-Jul-17,0.182168,0.195009,0.181447,0.19332,"83,913,800","6,975,458,816"
21-Jul-17,0.18943,0.190708,0.181098,0.182608,"104,722,000","7,253,528,576"
20-Jul-17,0.170017,0.192918,0.167718,0.188295,"183,292,000","6,510,192,128"
19-Jul-17,0.188498,0.188533,0.158188,0.168388,"147,778,000","7,217,837,056"
18-Jul-17,0.179668,0.195807,0.165966,0.188718,"295,840,992","6,879,738,880"
17-Jul-17,0.150146,0.179604,0.141425,0.177889,"312,684,992","5,749,316,096"
16-Jul-17,0.16948,0.172575,0.11977,0.148056,"257,944,000","6,489,639,424"
15-Jul-17,0.190976,0.191167,0.167118,0.170589,"131,779,000","7,312,745,984"
14-Jul-17,0.200819,0.201156,0.183369,0.190769,"97,037,600","7,689,654,784"
13-Jul-17,0.205873,0.230452,0.193357,0.200809,"216,750,000","7,883,172,352"
12-Jul-17,0.184198,0.205898,0.177162,0.205354,"153,023,008","7,053,184,000"
11-Jul-17,0.196415,0.20332,0.168265,0.185019,"271,415,008","7,520,991,232"
10-Jul-17,0.234067,0.234067,0.185418,0.203165,"119,367,000","8,962,768,896"
9-Jul-17,0.236884,0.248501,0.233416,0.233416,"82,755,000","9,070,621,696"
8-Jul-17,0.239741,0.239741,0.221769,0.236134,"124,578,000","9,180,003,328"
7-Jul-17,0.254858,0.255431,0.238892,0.23948,"88,408,000","9,758,866,432"
6-Jul-17,0.256374,0.257148,0.253303,0.254641,"43,845,800","9,816,910,848"
5-Jul-17,0.255125,0.261713,0.254275,0.256523,"73,292,096","9,769,105,408"
4-Jul-17,0.259841,0.262258,0.254387,0.254709,"56,008,900","9,949,672,448"
3-Jul-17,0.258977,0.262354,0.255666,0.259959,"60,367,800","9,916,582,912"
2-Jul-17,0.254512,0.259951,0.250944,0.259449,"54,095,000","9,745,598,464"
1-Jul-17,0.262855,0.263053,0.252966,0.254744,"53,611,000","10,065,071,104"
30-Jun-17,0.26606,0.26916,0.262242,0.26293,"67,764,496","10,187,816,960"
29-Jun-17,0.280565,0.280873,0.264175,0.265421,"89,745,296","10,743,220,224"
28-Jun-17,0.275391,0.28149,0.26784,0.280455,"126,278,000","10,545,118,208"
27-Jun-17,0.277288,0.27881,0.251052,0.276306,"186,951,008","10,617,749,504"
26-Jun-17,0.29877,0.30198,0.260819,0.277288,"280,100,000","11,440,303,104"
25-Jun-17,0.310816,0.311157,0.289148,0.298423,"158,844,992","11,901,590,528"
24-Jun-17,0.319188,0.327117,0.306487,0.31111,"313,710,016","12,222,139,392"
23-Jun-17,0.297718,0.320751,0.295551,0.319978,"177,220,992","11,400,050,688"
22-Jun-17,0.299886,0.305852,0.291519,0.297848,"194,551,008","11,482,704,896"
21-Jun-17,0.324623,0.32776,0.283614,0.296366,"358,492,992","12,429,899,776"
20-Jun-17,0.292194,0.339533,0.290147,0.324427,"793,609,984","11,188,200,448"
19-Jun-17,0.283977,0.296068,0.280233,0.296068,"164,955,008","10,873,600,000"
18-Jun-17,0.268085,0.289468,0.265078,0.2846,"232,512,000","10,264,999,936"
17-Jun-17,0.262358,0.270717,0.258105,0.268351,"121,948,000","10,045,800,448"
16-Jun-17,0.259473,0.266211,0.252408,0.262068,"88,152,400","9,935,290,368"
15-Jun-17,0.278196,0.278923,0.240868,0.259266,"191,548,000","10,662,200,320"
14-Jun-17,0.265823,0.307854,0.263202,0.278447,"431,096,000","10,188,000,256"
13-Jun-17,0.253823,0.274659,0.2522,0.266153,"111,937,000","9,728,119,808"
12-Jun-17,0.273075,0.28329,0.247476,0.253964,"149,942,000","10,465,999,872"
11-Jun-17,0.259445,0.277735,0.259113,0.272759,"114,566,000","9,943,589,888"
10-Jun-17,0.285806,0.288991,0.257879,0.260874,"156,720,992","10,953,900,032"
9-Jun-17,0.289695,0.299493,0.285884,0.286019,"102,482,000","11,115,899,904"
8-Jun-17,0.280902,0.29857,0.276441,0.289678,"103,152,000","10,848,900,096"
7-Jun-17,0.284677,0.298379,0.278874,0.279783,"145,839,008","10,994,700,288"
6-Jun-17,0.294028,0.294537,0.276248,0.284548,"132,720,000","11,355,899,904"
5-Jun-17,0.299862,0.302394,0.2846,0.294003,"78,433,504","11,581,200,384"
4-Jun-17,0.298386,0.313944,0.277185,0.299413,"153,488,000","11,524,200,448"
3-Jun-17,0.30046,0.310863,0.277563,0.29458,"155,454,000","11,604,299,776"
2-Jun-17,0.333645,0.335809,0.29071,0.303448,"293,676,992","12,885,900,288"
1-Jun-17,0.243946,0.336797,0.243946,0.333657,"588,819,008","9,330,769,920"
31-May-17,0.20536,0.247677,0.193839,0.24659,"160,620,000","7,854,879,744"
30-May-17,0.232191,0.237367,0.205324,0.205324,"92,808,704","8,881,149,952"
29-May-17,0.227189,0.24282,0.214777,0.23207,"86,555,600","8,689,829,888"
28-May-17,0.212887,0.242395,0.204652,0.229554,"122,253,000","8,142,790,144"
27-May-17,0.272697,0.283363,0.162345,0.212549,"255,532,000","10,430,499,840"
26-May-17,0.245083,0.327812,0.245083,0.271808,"253,935,008","9,374,260,224"
25-May-17,0.291834,0.303467,0.238308,0.246065,"237,804,992","11,245,100,032"
24-May-17,0.325054,0.357358,0.293009,0.29589,"166,168,000","12,525,200,384"
23-May-17,0.313347,0.354014,0.291893,0.323368,"153,050,000","12,074,099,712"
22-May-17,0.338403,0.345412,0.270091,0.317954,"265,699,008","13,039,500,288"
21-May-17,0.353164,0.367636,0.332222,0.336201,"129,765,000","13,608,299,520"
20-May-17,0.328631,0.370361,0.303941,0.351634,"237,792,000","12,663,000,064"
19-May-17,0.363505,0.363505,0.300794,0.327801,"269,894,016","14,006,800,384"
18-May-17,0.394931,0.408012,0.331116,0.364869,"237,644,000","15,128,200,192"
17-May-17,0.355124,0.43517,0.326358,0.394132,"470,974,016","13,603,300,352"
16-May-17,0.269824,0.349861,0.269824,0.349861,"440,881,984","10,335,800,320"
15-May-17,0.220069,0.27072,0.220069,0.27072,"223,923,008","8,429,940,224"
14-May-17,0.215179,0.223486,0.211186,0.220223,"69,732,000","8,242,619,904"
13-May-17,0.206697,0.223602,0.18698,0.214878,"117,101,000","7,917,709,824"
12-May-17,0.18276,0.209535,0.180984,0.206068,"123,635,000","7,000,779,776"
11-May-17,0.185035,0.194828,0.162431,0.183135,"103,699,000","7,023,110,144"
10-May-17,0.158471,0.201207,0.156363,0.186066,"138,792,000","6,014,859,776"
9-May-17,0.199198,0.21689,0.134406,0.160074,"214,002,000","7,560,679,936"
8-May-17,0.14162,0.237587,0.135105,0.198212,"402,611,008","5,375,269,888"
7-May-17,0.101929,0.148274,0.098938,0.141763,"249,028,992","3,868,770,048"
6-May-17,0.093429,0.106144,0.093429,0.101791,"88,394,200","3,546,160,128"
5-May-17,0.080229,0.106935,0.078704,0.093551,"184,430,000","3,045,129,984"
4-May-17,0.061062,0.085499,0.059283,0.078914,"153,374,000","2,313,339,904"
3-May-17,0.053905,0.061435,0.052283,0.06049,"42,869,000","2,042,179,968"
2-May-17,0.054646,0.055639,0.05071,0.053908,"33,814,700","2,070,240,000"
1-May-17,0.05158,0.057779,0.049317,0.055115,"61,730,100","1,954,089,984"
30-Apr-17,0.052807,0.054646,0.049574,0.051607,"41,974,200","2,000,600,064"
29-Apr-17,0.044558,0.057719,0.044558,0.052868,"114,359,000","1,688,070,016"
28-Apr-17,0.034843,0.045111,0.034784,0.044475,"81,121,600","1,320,039,936"
27-Apr-17,0.032827,0.035377,0.032157,0.034816,"16,661,600","1,243,640,064"
26-Apr-17,0.03239,0.033509,0.032183,0.032797,"11,921,700","1,227,079,936"
25-Apr-17,0.031409,0.033826,0.031297,0.032346,"13,469,200","1,189,920,000"
24-Apr-17,0.031236,0.031436,0.030739,0.031384,"6,333,250","1,183,369,984"
23-Apr-17,0.031878,0.031974,0.030742,0.031278,"4,976,320","1,207,680,000"
22-Apr-17,0.033122,0.033279,0.031422,0.03177,"9,020,550","1,254,840,064"
21-Apr-17,0.029727,0.034044,0.029216,0.032779,"28,245,700","1,126,210,048"
20-Apr-17,0.030259,0.030611,0.027493,0.029984,"25,650,400","1,135,699,968"
19-Apr-17,0.033181,0.033387,0.029687,0.030173,"13,265,600","1,245,350,016"
18-Apr-17,0.033638,0.034021,0.032866,0.033184,"8,970,210","1,262,530,048"
17-Apr-17,0.0334,0.03406,0.032955,0.033655,"7,933,260","1,253,560,064"
16-Apr-17,0.03388,0.034002,0.033194,0.033462,"5,980,280","1,271,609,984"
15-Apr-17,0.033528,0.034281,0.033276,0.033955,"4,972,610","1,258,400,000"
14-Apr-17,0.034262,0.035127,0.032986,0.033779,"8,869,300","1,285,920,000"
13-Apr-17,0.034459,0.035574,0.033461,0.034383,"15,872,400","1,292,790,016"
12-Apr-17,0.033002,0.034794,0.032477,0.034336,"13,437,000","1,238,109,952"
11-Apr-17,0.033677,0.034576,0.032035,0.032952,"11,301,000","1,263,420,032"
10-Apr-17,0.034123,0.035091,0.032806,0.033598,"12,012,700","1,280,150,016"
9-Apr-17,0.035799,0.035799,0.032327,0.03402,"15,695,600","1,343,049,984"
8-Apr-17,0.036355,0.036895,0.034932,0.035849,"14,782,600","1,363,900,032"
7-Apr-17,0.03274,0.036935,0.030789,0.03632,"36,825,000","1,228,290,048"
6-Apr-17,0.035672,0.036843,0.029463,0.032665,"48,264,600","1,338,210,048"
5-Apr-17,0.037386,0.040178,0.035214,0.035544,"42,360,300","1,402,530,048"
4-Apr-17,0.033032,0.040702,0.028324,0.037455,"78,538,096","1,239,170,048"
3-Apr-17,0.060291,0.061594,0.027447,0.033023,"155,550,000","2,261,799,936"
2-Apr-17,0.021938,0.071441,0.021696,0.061159,"230,622,000","820,232,000"
1-Apr-17,0.021743,0.022798,0.019664,0.021892,"30,657,700","812,963,008"
31-Mar-17,0.013049,0.021776,0.013049,0.020889,"72,699,400","487,884,992"
30-Mar-17,0.010125,0.014126,0.010125,0.013276,"19,821,800","378,563,008"
29-Mar-17,0.009526,0.010101,0.00952,0.010101,"3,344,230","356,171,008"
28-Mar-17,0.009568,0.009644,0.00928,0.009514,"3,111,280","357,724,000"
27-Mar-17,0.009482,0.010053,0.009155,0.009597,"6,336,150","354,513,984"
26-Mar-17,0.009159,0.00984,0.009079,0.009545,"5,475,230","342,448,000"
25-Mar-17,0.010502,0.010711,0.00904,0.009116,"11,334,900","392,673,984"
24-Mar-17,0.010528,0.010825,0.009135,0.010518,"24,493,700","393,620,000"
23-Mar-17,0.007284,0.010582,0.007258,0.010582,"12,315,100","271,964,992"
22-Mar-17,0.006908,0.00746,0.006882,0.007301,"4,652,530","257,915,008"
21-Mar-17,0.006996,0.007075,0.006792,0.006909,"3,021,440","261,234,000"
20-Mar-17,0.006915,0.007112,0.006761,0.006975,"3,423,710","258,208,000"
19-Mar-17,0.006736,0.007198,0.006556,0.006912,"4,241,970","251,511,008"
18-Mar-17,0.006137,0.007396,0.006118,0.00671,"7,223,300","229,142,000"
17-Mar-17,0.006406,0.006406,0.00597,0.006116,"3,442,010","239,192,992"
16-Mar-17,0.006319,0.006409,0.006213,0.006394,"3,860,210","235,622,000"
15-Mar-17,0.00637,0.0065,0.006301,0.006314,"1,376,090","237,552,000"
14-Mar-17,0.006346,0.006406,0.006277,0.006381,"1,358,830","236,634,000"
13-Mar-17,0.006271,0.006429,0.006156,0.006385,"2,561,890","233,852,992"
12-Mar-17,0.006214,0.006313,0.006086,0.006255,"1,531,030","231,720,992"
11-Mar-17,0.006229,0.006383,0.00613,0.006238,"1,818,590","232,266,000"
10-Mar-17,0.006503,0.006546,0.00605,0.006227,"3,144,440","242,488,000"
9-Mar-17,0.006485,0.006606,0.006423,0.006498,"2,064,660","242,570,000"
8-Mar-17,0.006551,0.006776,0.006363,0.006509,"3,432,500","245,051,008"
7-Mar-17,0.006057,0.006577,0.005974,0.006534,"2,901,920","226,570,000"
6-Mar-17,0.006129,0.006221,0.006047,0.006057,"1,023,500","229,280,000"
5-Mar-17,0.00629,0.006389,0.006129,0.006129,"1,044,760","235,300,992"
4-Mar-17,0.006354,0.006497,0.006278,0.006299,"1,372,440","237,670,000"
3-Mar-17,0.005988,0.006346,0.005968,0.006339,"2,703,850","224,008,992"
2-Mar-17,0.005419,0.006217,0.005408,0.005991,"3,811,500","201,300,992"
1-Mar-17,0.005525,0.005547,0.005372,0.005408,"1,630,460","205,222,000"
28-Feb-17,0.005608,0.005631,0.005438,0.005536,"1,693,350","208,296,992"
27-Feb-17,0.005665,0.005696,0.005608,0.005609,"641,126","210,424,992"
26-Feb-17,0.005664,0.005733,0.005651,0.005671,"258,373","210,392,000"
25-Feb-17,0.0057,0.005743,0.005628,0.005665,"684,577","211,712,000"
24-Feb-17,0.005883,0.005919,0.005644,0.005701,"1,343,690","218,524,992"
23-Feb-17,0.005856,0.005943,0.005798,0.005895,"750,533","216,920,000"
22-Feb-17,0.005849,0.005887,0.005817,0.00586,"500,712","216,670,000"
21-Feb-17,0.005871,0.005909,0.005735,0.005832,"653,081","217,476,000"
20-Feb-17,0.005879,0.005949,0.00574,0.005873,"880,117","217,802,000"
19-Feb-17,0.005589,0.005892,0.00557,0.005878,"896,856","207,032,992"
18-Feb-17,0.005949,0.006014,0.005427,0.005569,"1,866,850","220,370,000"
17-Feb-17,0.005939,0.006095,0.005872,0.005935,"1,160,600","220,014,000"
16-Feb-17,0.006138,0.006244,0.005988,0.006027,"1,355,840","227,363,008"
15-Feb-17,0.006279,0.006302,0.006095,0.006147,"813,299","232,611,008"
14-Feb-17,0.00624,0.006352,0.00624,0.006278,"671,150","231,160,992"
13-Feb-17,0.006267,0.006338,0.006228,0.006251,"462,843","232,160,992"
12-Feb-17,0.006328,0.006364,0.006269,0.006269,"230,479","234,436,000"
11-Feb-17,0.00629,0.006395,0.006273,0.006333,"334,607","232,996,000"
10-Feb-17,0.006367,0.0067,0.006192,0.006289,"808,768","235,872,992"
9-Feb-17,0.006433,0.006484,0.006193,0.006374,"1,700,680","237,091,008"
8-Feb-17,0.006407,0.007833,0.006402,0.006438,"860,217","236,123,008"
7-Feb-17,0.006437,0.006509,0.006378,0.006407,"945,440","237,240,000"
6-Feb-17,0.006439,0.006494,0.006397,0.00645,"386,766","237,318,000"
5-Feb-17,0.006494,0.006563,0.006403,0.006442,"367,001","239,336,992"
4-Feb-17,0.006487,0.006528,0.006429,0.006492,"314,187","239,094,000"
3-Feb-17,0.006466,0.00651,0.006401,0.006474,"548,263","238,302,000"
2-Feb-17,0.00654,0.00663,0.006381,0.006469,"670,888","241,026,000"
1-Feb-17,0.006311,0.006642,0.006249,0.00654,"1,836,820","232,608,992"
31-Jan-17,0.00639,0.006411,0.006297,0.006314,"661,444","235,508,000"
30-Jan-17,0.006402,0.006468,0.006353,0.006381,"391,822","235,960,992"
29-Jan-17,0.006356,0.006493,0.006287,0.006402,"325,176","234,254,000"
28-Jan-17,0.006409,0.006419,0.006323,0.006342,"241,491","236,216,000"
27-Jan-17,0.006686,0.006815,0.006331,0.006415,"924,745","246,404,000"
26-Jan-17,0.006511,0.007073,0.006425,0.00669,"1,446,950","239,951,008"
25-Jan-17,0.006527,0.006594,0.00649,0.006513,"522,497","240,564,992"
24-Jan-17,0.006708,0.006718,0.006534,0.00654,"509,262","247,242,000"
23-Jan-17,0.006718,0.006735,0.006662,0.006697,"309,838","247,604,000"
22-Jan-17,0.006706,0.006759,0.006653,0.006713,"362,422","247,164,992"
21-Jan-17,0.006694,0.006824,0.006678,0.006706,"553,724","246,708,992"
20-Jan-17,0.007032,0.00716,0.00661,0.006675,"620,052","259,186,000"
19-Jan-17,0.006713,0.00704,0.006671,0.007034,"760,684","246,854,000"
18-Jan-17,0.00679,0.007125,0.006659,0.006709,"1,342,730","249,667,008"
17-Jan-17,0.006772,0.006848,0.006612,0.0068,"1,842,150","249,018,000"
16-Jan-17,0.006747,0.006836,0.006717,0.006788,"699,284","248,106,000"
15-Jan-17,0.006867,0.006925,0.006726,0.006726,"780,822","252,519,008"
14-Jan-17,0.00661,0.006872,0.006585,0.006863,"1,307,810","243,056,000"
13-Jan-17,0.006434,0.006664,0.006396,0.006596,"2,059,340","236,592,000"
12-Jan-17,0.006417,0.006851,0.006351,0.006423,"5,013,190","233,170,000"
11-Jan-17,0.006708,0.006721,0.006312,0.006411,"3,436,270","243,760,992"
10-Jan-17,0.006157,0.006815,0.006148,0.006698,"2,510,530","223,720,000"
9-Jan-17,0.006239,0.006294,0.006127,0.006167,"702,255","226,700,000"
8-Jan-17,0.006383,0.006383,0.006232,0.006233,"554,133","231,946,000"
7-Jan-17,0.006351,0.006404,0.006133,0.006366,"1,351,030","230,770,000"
6-Jan-17,0.006197,0.006394,0.006109,0.006315,"1,746,150","225,184,000"
5-Jan-17,0.006572,0.00658,0.006031,0.006201,"4,058,170","238,808,000"
4-Jan-17,0.006385,0.006656,0.006385,0.00657,"1,642,730","232,030,000"
3-Jan-17,0.00629,0.006392,0.006278,0.006386,"1,014,830","228,578,000"
2-Jan-17,0.006386,0.006437,0.006281,0.006311,"1,046,250","232,067,008"
1-Jan-17,0.006523,0.006702,0.006334,0.006368,"418,978","237,032,000"
31-Dec-16,0.006417,0.006538,0.006387,0.006449,"272,884","233,184,992"
30-Dec-16,0.006352,0.006455,0.006338,0.006426,"1,379,470","230,796,992"
29-Dec-16,0.00618,0.006354,0.006167,0.006341,"1,345,050","222,516,992"
28-Dec-16,0.006193,0.006336,0.006126,0.006173,"2,064,130","222,956,992"
27-Dec-16,0.006326,0.006326,0.006188,0.006199,"2,471,000","227,764,000"
26-Dec-16,0.006443,0.006481,0.006323,0.006326,"1,640,840","231,980,000"
25-Dec-16,0.00635,0.006453,0.006334,0.006444,"2,188,780","228,638,000"
24-Dec-16,0.006275,0.006371,0.006234,0.006349,"2,495,670","225,932,992"
23-Dec-16,0.006362,0.006436,0.006281,0.006286,"3,514,540","229,051,008"
22-Dec-16,0.006452,0.006466,0.006324,0.006363,"2,897,110","230,932,992"
21-Dec-16,0.006498,0.006498,0.006417,0.006445,"2,300,840","232,608,992"
20-Dec-16,0.00654,0.006543,0.006481,0.0065,"2,284,690","234,114,000"
19-Dec-16,0.006582,0.006582,0.006534,0.006545,"1,109,670","235,600,992"
18-Dec-16,0.006541,0.00658,0.006533,0.006574,"1,194,400","234,124,992"
17-Dec-16,0.006704,0.006711,0.006535,0.006541,"1,838,990","239,970,000"
16-Dec-16,0.006662,0.006791,0.006661,0.00671,"2,575,390","238,467,008"
15-Dec-16,0.006699,0.006699,0.006606,0.006662,"1,050,570","241,138,000"
14-Dec-16,0.006704,0.006753,0.00669,0.006705,"2,002,770","241,323,008"
13-Dec-16,0.00678,0.006781,0.006678,0.006708,"1,946,660","244,047,008"
12-Dec-16,0.006744,0.006809,0.006743,0.006778,"1,449,640","242,743,008"
11-Dec-16,0.006816,0.006998,0.006731,0.006744,"978,511","245,332,000"
10-Dec-16,0.007138,0.007145,0.006816,0.006816,"1,297,860","256,936,000"
9-Dec-16,0.007091,0.007162,0.007007,0.007135,"2,421,860","255,230,000"
8-Dec-16,0.006849,0.007156,0.006829,0.007097,"2,789,540","246,468,992"
7-Dec-16,0.006653,0.006851,0.006565,0.006851,"2,805,260","239,432,000"
6-Dec-16,0.006435,0.006655,0.006417,0.006655,"1,396,500","231,584,992"
5-Dec-16,0.006525,0.006761,0.006419,0.006434,"867,666","234,832,000"
4-Dec-16,0.006592,0.006595,0.006519,0.006527,"1,167,110","237,240,992"
3-Dec-16,0.006712,0.00689,0.006588,0.006588,"1,213,480","241,552,992"
2-Dec-16,0.006707,0.006906,0.006615,0.00666,"1,756,030","241,354,000"
1-Dec-16,0.006723,0.006737,0.006702,0.006702,"1,142,000","241,183,008"
30-Nov-16,0.006779,0.006784,0.00672,0.006723,"1,495,310","243,212,992"
29-Nov-16,0.007009,0.007042,0.00678,0.00678,"1,551,670","251,466,000"
28-Nov-16,0.007082,0.007114,0.006947,0.007008,"1,818,750","254,074,000"
27-Nov-16,0.007385,0.007499,0.00707,0.007074,"525,140","264,950,000"
26-Nov-16,0.006895,0.00739,0.006847,0.00739,"560,816","247,374,000"
25-Nov-16,0.006948,0.006979,0.006888,0.006902,"995,869","249,288,000"
24-Nov-16,0.007062,0.007069,0.006945,0.00695,"1,845,880","253,280,000"
23-Nov-16,0.007434,0.007435,0.007035,0.007061,"3,730,650","266,608,992"
22-Nov-16,0.007567,0.007567,0.007431,0.007434,"2,400,100","271,375,008"
21-Nov-16,0.007649,0.007651,0.007566,0.007566,"2,594,010","274,337,984"
20-Nov-16,0.007799,0.007806,0.007626,0.007651,"1,875,290","279,728,992"
19-Nov-16,0.007778,0.007809,0.007753,0.007799,"1,296,770","278,943,008"
18-Nov-16,0.007722,0.007778,0.007709,0.007778,"2,487,390","276,964,992"
17-Nov-16,0.007851,0.007867,0.007721,0.007727,"2,401,030","280,776,000"
16-Nov-16,0.007888,0.007944,0.007842,0.007842,"2,905,840","282,110,016"
15-Nov-16,0.008099,0.008115,0.007876,0.007881,"3,078,090","289,676,992"
14-Nov-16,0.008255,0.008308,0.008059,0.008098,"1,283,330","295,227,008"
13-Nov-16,0.008039,0.008258,0.007968,0.008257,"2,201,990","287,512,000"
12-Nov-16,0.008061,0.008105,0.008019,0.008044,"1,708,000","288,307,008"
11-Nov-16,0.008131,0.008146,0.008058,0.008065,"2,039,200","290,820,000"
10-Nov-16,0.008081,0.008138,0.008043,0.008136,"2,600,650","288,073,984"
9-Nov-16,0.008205,0.008222,0.008074,0.008079,"3,575,540","292,520,000"
8-Nov-16,0.008111,0.008246,0.008108,0.008206,"2,477,080","289,161,984"
7-Nov-16,0.008197,0.008197,0.008088,0.008108,"2,308,500","292,208,000"
6-Nov-16,0.00823,0.008277,0.008187,0.008193,"784,787","293,393,984"
5-Nov-16,0.008157,0.008261,0.008155,0.00823,"967,011","290,784,992"
4-Nov-16,0.008015,0.008161,0.008008,0.008157,"2,707,110","285,742,016"
3-Nov-16,0.008221,0.008243,0.007975,0.008021,"3,114,110","292,112,000"
2-Nov-16,0.008104,0.008222,0.008088,0.008222,"1,739,300","287,948,992"
1-Nov-16,0.008197,0.008259,0.008083,0.008102,"1,875,440","291,236,992"
31-Oct-16,0.008014,0.008261,0.008014,0.008196,"2,515,480","284,729,984"
30-Oct-16,0.007738,0.008018,0.007716,0.008014,"2,071,780","274,932,000"
29-Oct-16,0.008157,0.008162,0.007674,0.007732,"3,471,390","289,835,008"
28-Oct-16,0.008483,0.008492,0.008081,0.008143,"3,881,320","301,396,992"
27-Oct-16,0.008833,0.008849,0.008468,0.008481,"4,302,920","313,452,000"
26-Oct-16,0.008884,0.008944,0.008815,0.008835,"2,969,280","315,265,984"
25-Oct-16,0.009065,0.009135,0.008882,0.008891,"2,780,690","321,684,992"
24-Oct-16,0.009432,0.009485,0.009054,0.009065,"1,717,690","334,724,992"
23-Oct-16,0.008977,0.009454,0.008915,0.009454,"974,189","318,561,984"
22-Oct-16,0.009027,0.009081,0.008864,0.008972,"1,649,580","320,363,008"
21-Oct-16,0.00909,0.009128,0.008856,0.009029,"4,055,710","322,601,984"
20-Oct-16,0.008636,0.009124,0.00862,0.009092,"5,895,540","306,376,992"
19-Oct-16,0.008348,0.008637,0.008318,0.008627,"3,360,180","296,136,992"
18-Oct-16,0.008032,0.00835,0.008026,0.00835,"3,782,990","284,943,008"
17-Oct-16,0.008079,0.008144,0.008011,0.00803,"2,485,290","286,614,016"
16-Oct-16,0.008137,0.00823,0.008055,0.008078,"608,355","288,675,008"
15-Oct-16,0.008769,0.008885,0.00813,0.008146,"781,979","311,086,016"
14-Oct-16,0.00798,0.00896,0.00797,0.008767,"1,915,430","283,104,992"
13-Oct-16,0.007951,0.007984,0.007867,0.007982,"1,009,720","282,060,992"
12-Oct-16,0.008208,0.008507,0.007934,0.007949,"2,943,130","291,174,016"
11-Oct-16,0.007993,0.008324,0.007905,0.008234,"4,003,630","283,575,008"
10-Oct-16,0.007542,0.008105,0.007542,0.007978,"6,150,610","267,572,000"
9-Oct-16,0.00731,0.007563,0.007299,0.007543,"3,390,900","259,324,000"
8-Oct-16,0.007371,0.007377,0.00726,0.00731,"2,019,560","261,504,000"
7-Oct-16,0.007377,0.007459,0.00735,0.007377,"3,042,600","261,722,000"
6-Oct-16,0.007429,0.00746,0.007321,0.007382,"2,826,190","263,560,000"
5-Oct-16,0.007873,0.007895,0.007407,0.007435,"4,840,340","279,308,000"
4-Oct-16,0.008115,0.008132,0.007853,0.007853,"2,642,950","287,883,008"
3-Oct-16,0.008165,0.008241,0.008065,0.008089,"2,776,300","289,639,008"
2-Oct-16,0.008197,0.008316,0.008084,0.008165,"2,072,840","290,783,008"
1-Oct-16,0.008839,0.008848,0.008186,0.008205,"5,895,530","313,569,984"
30-Sep-16,0.00891,0.00924,0.008789,0.00883,"7,561,150","316,084,992"
29-Sep-16,0.009065,0.00909,0.008707,0.008914,"5,974,090","321,424,000"
28-Sep-16,0.00822,0.009082,0.00822,0.009048,"7,558,520","291,479,008"
27-Sep-16,0.007959,0.008306,0.007919,0.008229,"6,131,430","282,217,984"
26-Sep-16,0.007872,0.008593,0.007847,0.007963,"9,102,940","279,128,992"
25-Sep-16,0.007356,0.007986,0.007316,0.007855,"4,699,860","260,832,000"
24-Sep-16,0.007234,0.007424,0.00717,0.007362,"2,170,050","256,511,008"