Date,Open*,High,Low,Close,Volume,Market Cap
24-Sep-16,0.007234,0.007424,0.00717,0.007362,2170050.00 ,256511008.00 
25-Sep-16,0.007356,0.007986,0.007316,0.007855,4699860.00 ,260832000.00 
26-Sep-16,0.007872,0.008593,0.007847,0.007963,9102940.00 ,279128992.00 
27-Sep-16,0.007959,0.008306,0.007919,0.008229,6131430.00 ,282217984.00 
28-Sep-16,0.00822,0.009082,0.00822,0.009048,7558520.00 ,291479008.00 
29-Sep-16,0.009065,0.00909,0.008707,0.008914,5974090.00 ,321424000.00 
30-Sep-16,0.00891,0.00924,0.008789,0.00883,7561150.00 ,316084992.00 
1-Oct-16,0.008839,0.008848,0.008186,0.008205,5895530.00 ,313569984.00 
2-Oct-16,0.008197,0.008316,0.008084,0.008165,2072840.00 ,290783008.00 
3-Oct-16,0.008165,0.008241,0.008065,0.008089,2776300.00 ,289639008.00 
4-Oct-16,0.008115,0.008132,0.007853,0.007853,2642950.00 ,287883008.00 
5-Oct-16,0.007873,0.007895,0.007407,0.007435,4840340.00 ,279308000.00 
6-Oct-16,0.007429,0.00746,0.007321,0.007382,2826190.00 ,263560000.00 
7-Oct-16,0.007377,0.007459,0.00735,0.007377,3042600.00 ,261722000.00 
8-Oct-16,0.007371,0.007377,0.00726,0.00731,2019560.00 ,261504000.00 
9-Oct-16,0.00731,0.007563,0.007299,0.007543,3390900.00 ,259324000.00 
10-Oct-16,0.007542,0.008105,0.007542,0.007978,6150610.00 ,267572000.00 
11-Oct-16,0.007993,0.008324,0.007905,0.008234,4003630.00 ,283575008.00 
12-Oct-16,0.008208,0.008507,0.007934,0.007949,2943130.00 ,291174016.00 
13-Oct-16,0.007951,0.007984,0.007867,0.007982,1009720.00 ,282060992.00 
14-Oct-16,0.00798,0.00896,0.00797,0.008767,1915430.00 ,283104992.00 
15-Oct-16,0.008769,0.008885,0.00813,0.008146,781979.00 ,311086016.00 
16-Oct-16,0.008137,0.00823,0.008055,0.008078,608355.00 ,288675008.00 
17-Oct-16,0.008079,0.008144,0.008011,0.00803,2485290.00 ,286614016.00 
18-Oct-16,0.008032,0.00835,0.008026,0.00835,3782990.00 ,284943008.00 
19-Oct-16,0.008348,0.008637,0.008318,0.008627,3360180.00 ,296136992.00 
20-Oct-16,0.008636,0.009124,0.00862,0.009092,5895540.00 ,306376992.00 
21-Oct-16,0.00909,0.009128,0.008856,0.009029,4055710.00 ,322601984.00 
22-Oct-16,0.009027,0.009081,0.008864,0.008972,1649580.00 ,320363008.00 
23-Oct-16,0.008977,0.009454,0.008915,0.009454,974189.00 ,318561984.00 
24-Oct-16,0.009432,0.009485,0.009054,0.009065,1717690.00 ,334724992.00 
25-Oct-16,0.009065,0.009135,0.008882,0.008891,2780690.00 ,321684992.00 
26-Oct-16,0.008884,0.008944,0.008815,0.008835,2969280.00 ,315265984.00 
27-Oct-16,0.008833,0.008849,0.008468,0.008481,4302920.00 ,313452000.00 
28-Oct-16,0.008483,0.008492,0.008081,0.008143,3881320.00 ,301396992.00 
29-Oct-16,0.008157,0.008162,0.007674,0.007732,3471390.00 ,289835008.00 
30-Oct-16,0.007738,0.008018,0.007716,0.008014,2071780.00 ,274932000.00 
31-Oct-16,0.008014,0.008261,0.008014,0.008196,2515480.00 ,284729984.00 
1-Nov-16,0.008197,0.008259,0.008083,0.008102,1875440.00 ,291236992.00 
2-Nov-16,0.008104,0.008222,0.008088,0.008222,1739300.00 ,287948992.00 
3-Nov-16,0.008221,0.008243,0.007975,0.008021,3114110.00 ,292112000.00 
4-Nov-16,0.008015,0.008161,0.008008,0.008157,2707110.00 ,285742016.00 
5-Nov-16,0.008157,0.008261,0.008155,0.00823,967011.00 ,290784992.00 
6-Nov-16,0.00823,0.008277,0.008187,0.008193,784787.00 ,293393984.00 
7-Nov-16,0.008197,0.008197,0.008088,0.008108,2308500.00 ,292208000.00 
8-Nov-16,0.008111,0.008246,0.008108,0.008206,2477080.00 ,289161984.00 
9-Nov-16,0.008205,0.008222,0.008074,0.008079,3575540.00 ,292520000.00 
10-Nov-16,0.008081,0.008138,0.008043,0.008136,2600650.00 ,288073984.00 
11-Nov-16,0.008131,0.008146,0.008058,0.008065,2039200.00 ,290820000.00 
12-Nov-16,0.008061,0.008105,0.008019,0.008044,1708000.00 ,288307008.00 
13-Nov-16,0.008039,0.008258,0.007968,0.008257,2201990.00 ,287512000.00 
14-Nov-16,0.008255,0.008308,0.008059,0.008098,1283330.00 ,295227008.00 
15-Nov-16,0.008099,0.008115,0.007876,0.007881,3078090.00 ,289676992.00 
16-Nov-16,0.007888,0.007944,0.007842,0.007842,2905840.00 ,282110016.00 
17-Nov-16,0.007851,0.007867,0.007721,0.007727,2401030.00 ,280776000.00 
18-Nov-16,0.007722,0.007778,0.007709,0.007778,2487390.00 ,276964992.00 
19-Nov-16,0.007778,0.007809,0.007753,0.007799,1296770.00 ,278943008.00 
20-Nov-16,0.007799,0.007806,0.007626,0.007651,1875290.00 ,279728992.00 
21-Nov-16,0.007649,0.007651,0.007566,0.007566,2594010.00 ,274337984.00 
22-Nov-16,0.007567,0.007567,0.007431,0.007434,2400100.00 ,271375008.00 
23-Nov-16,0.007434,0.007435,0.007035,0.007061,3730650.00 ,266608992.00 
24-Nov-16,0.007062,0.007069,0.006945,0.00695,1845880.00 ,253280000.00 
25-Nov-16,0.006948,0.006979,0.006888,0.006902,995869.00 ,249288000.00 
26-Nov-16,0.006895,0.00739,0.006847,0.00739,560816.00 ,247374000.00 
27-Nov-16,0.007385,0.007499,0.00707,0.007074,525140.00 ,264950000.00 
28-Nov-16,0.007082,0.007114,0.006947,0.007008,1818750.00 ,254074000.00 
29-Nov-16,0.007009,0.007042,0.00678,0.00678,1551670.00 ,251466000.00 
30-Nov-16,0.006779,0.006784,0.00672,0.006723,1495310.00 ,243212992.00 
1-Dec-16,0.006723,0.006737,0.006702,0.006702,1142000.00 ,241183008.00 
2-Dec-16,0.006707,0.006906,0.006615,0.00666,1756030.00 ,241354000.00 
3-Dec-16,0.006712,0.00689,0.006588,0.006588,1213480.00 ,241552992.00 
4-Dec-16,0.006592,0.006595,0.006519,0.006527,1167110.00 ,237240992.00 
5-Dec-16,0.006525,0.006761,0.006419,0.006434,867666.00 ,234832000.00 
6-Dec-16,0.006435,0.006655,0.006417,0.006655,1396500.00 ,231584992.00 
7-Dec-16,0.006653,0.006851,0.006565,0.006851,2805260.00 ,239432000.00 
8-Dec-16,0.006849,0.007156,0.006829,0.007097,2789540.00 ,246468992.00 
9-Dec-16,0.007091,0.007162,0.007007,0.007135,2421860.00 ,255230000.00 
10-Dec-16,0.007138,0.007145,0.006816,0.006816,1297860.00 ,256936000.00 
11-Dec-16,0.006816,0.006998,0.006731,0.006744,978511.00 ,245332000.00 
12-Dec-16,0.006744,0.006809,0.006743,0.006778,1449640.00 ,242743008.00 
13-Dec-16,0.00678,0.006781,0.006678,0.006708,1946660.00 ,244047008.00 
14-Dec-16,0.006704,0.006753,0.00669,0.006705,2002770.00 ,241323008.00 
15-Dec-16,0.006699,0.006699,0.006606,0.006662,1050570.00 ,241138000.00 
16-Dec-16,0.006662,0.006791,0.006661,0.00671,2575390.00 ,238467008.00 
17-Dec-16,0.006704,0.006711,0.006535,0.006541,1838990.00 ,239970000.00 
18-Dec-16,0.006541,0.00658,0.006533,0.006574,1194400.00 ,234124992.00 
19-Dec-16,0.006582,0.006582,0.006534,0.006545,1109670.00 ,235600992.00 
20-Dec-16,0.00654,0.006543,0.006481,0.0065,2284690.00 ,234114000.00 
21-Dec-16,0.006498,0.006498,0.006417,0.006445,2300840.00 ,232608992.00 
22-Dec-16,0.006452,0.006466,0.006324,0.006363,2897110.00 ,230932992.00 
23-Dec-16,0.006362,0.006436,0.006281,0.006286,3514540.00 ,229051008.00 
24-Dec-16,0.006275,0.006371,0.006234,0.006349,2495670.00 ,225932992.00 
25-Dec-16,0.00635,0.006453,0.006334,0.006444,2188780.00 ,228638000.00 
26-Dec-16,0.006443,0.006481,0.006323,0.006326,1640840.00 ,231980000.00 
27-Dec-16,0.006326,0.006326,0.006188,0.006199,2471000.00 ,227764000.00 
28-Dec-16,0.006193,0.006336,0.006126,0.006173,2064130.00 ,222956992.00 
29-Dec-16,0.00618,0.006354,0.006167,0.006341,1345050.00 ,222516992.00 
30-Dec-16,0.006352,0.006455,0.006338,0.006426,1379470.00 ,230796992.00 
31-Dec-16,0.006417,0.006538,0.006387,0.006449,272884.00 ,233184992.00 
1-Jan-17,0.006523,0.006702,0.006334,0.006368,418978.00 ,237032000.00 
2-Jan-17,0.006386,0.006437,0.006281,0.006311,1046250.00 ,232067008.00 
3-Jan-17,0.00629,0.006392,0.006278,0.006386,1014830.00 ,228578000.00 
4-Jan-17,0.006385,0.006656,0.006385,0.00657,1642730.00 ,232030000.00 
5-Jan-17,0.006572,0.00658,0.006031,0.006201,4058170.00 ,238808000.00 
6-Jan-17,0.006197,0.006394,0.006109,0.006315,1746150.00 ,225184000.00 
7-Jan-17,0.006351,0.006404,0.006133,0.006366,1351030.00 ,230770000.00 
8-Jan-17,0.006383,0.006383,0.006232,0.006233,554133.00 ,231946000.00 
9-Jan-17,0.006239,0.006294,0.006127,0.006167,702255.00 ,226700000.00 
10-Jan-17,0.006157,0.006815,0.006148,0.006698,2510530.00 ,223720000.00 
11-Jan-17,0.006708,0.006721,0.006312,0.006411,3436270.00 ,243760992.00 
12-Jan-17,0.006417,0.006851,0.006351,0.006423,5013190.00 ,233170000.00 
13-Jan-17,0.006434,0.006664,0.006396,0.006596,2059340.00 ,236592000.00 
14-Jan-17,0.00661,0.006872,0.006585,0.006863,1307810.00 ,243056000.00 
15-Jan-17,0.006867,0.006925,0.006726,0.006726,780822.00 ,252519008.00 
16-Jan-17,0.006747,0.006836,0.006717,0.006788,699284.00 ,248106000.00 
17-Jan-17,0.006772,0.006848,0.006612,0.0068,1842150.00 ,249018000.00 
18-Jan-17,0.00679,0.007125,0.006659,0.006709,1342730.00 ,249667008.00 
19-Jan-17,0.006713,0.00704,0.006671,0.007034,760684.00 ,246854000.00 
20-Jan-17,0.007032,0.00716,0.00661,0.006675,620052.00 ,259186000.00 
21-Jan-17,0.006694,0.006824,0.006678,0.006706,553724.00 ,246708992.00 
22-Jan-17,0.006706,0.006759,0.006653,0.006713,362422.00 ,247164992.00 
23-Jan-17,0.006718,0.006735,0.006662,0.006697,309838.00 ,247604000.00 
24-Jan-17,0.006708,0.006718,0.006534,0.00654,509262.00 ,247242000.00 
25-Jan-17,0.006527,0.006594,0.00649,0.006513,522497.00 ,240564992.00 
26-Jan-17,0.006511,0.007073,0.006425,0.00669,1446950.00 ,239951008.00 
27-Jan-17,0.006686,0.006815,0.006331,0.006415,924745.00 ,246404000.00 
28-Jan-17,0.006409,0.006419,0.006323,0.006342,241491.00 ,236216000.00 
29-Jan-17,0.006356,0.006493,0.006287,0.006402,325176.00 ,234254000.00 
30-Jan-17,0.006402,0.006468,0.006353,0.006381,391822.00 ,235960992.00 
31-Jan-17,0.00639,0.006411,0.006297,0.006314,661444.00 ,235508000.00 
1-Feb-17,0.006311,0.006642,0.006249,0.00654,1836820.00 ,232608992.00 
2-Feb-17,0.00654,0.00663,0.006381,0.006469,670888.00 ,241026000.00 
3-Feb-17,0.006466,0.00651,0.006401,0.006474,548263.00 ,238302000.00 
4-Feb-17,0.006487,0.006528,0.006429,0.006492,314187.00 ,239094000.00 
5-Feb-17,0.006494,0.006563,0.006403,0.006442,367001.00 ,239336992.00 
6-Feb-17,0.006439,0.006494,0.006397,0.00645,386766.00 ,237318000.00 
7-Feb-17,0.006437,0.006509,0.006378,0.006407,945440.00 ,237240000.00 
8-Feb-17,0.006407,0.007833,0.006402,0.006438,860217.00 ,236123008.00 
9-Feb-17,0.006433,0.006484,0.006193,0.006374,1700680.00 ,237091008.00 
10-Feb-17,0.006367,0.0067,0.006192,0.006289,808768.00 ,235872992.00 
11-Feb-17,0.00629,0.006395,0.006273,0.006333,334607.00 ,232996000.00 
12-Feb-17,0.006328,0.006364,0.006269,0.006269,230479.00 ,234436000.00 
13-Feb-17,0.006267,0.006338,0.006228,0.006251,462843.00 ,232160992.00 
14-Feb-17,0.00624,0.006352,0.00624,0.006278,671150.00 ,231160992.00 
15-Feb-17,0.006279,0.006302,0.006095,0.006147,813299.00 ,232611008.00 
16-Feb-17,0.006138,0.006244,0.005988,0.006027,1355840.00 ,227363008.00 
17-Feb-17,0.005939,0.006095,0.005872,0.005935,1160600.00 ,220014000.00 
18-Feb-17,0.005949,0.006014,0.005427,0.005569,1866850.00 ,220370000.00 
19-Feb-17,0.005589,0.005892,0.00557,0.005878,896856.00 ,207032992.00 
20-Feb-17,0.005879,0.005949,0.00574,0.005873,880117.00 ,217802000.00 
21-Feb-17,0.005871,0.005909,0.005735,0.005832,653081.00 ,217476000.00 
22-Feb-17,0.005849,0.005887,0.005817,0.00586,500712.00 ,216670000.00 
23-Feb-17,0.005856,0.005943,0.005798,0.005895,750533.00 ,216920000.00 
24-Feb-17,0.005883,0.005919,0.005644,0.005701,1343690.00 ,218524992.00 
25-Feb-17,0.0057,0.005743,0.005628,0.005665,684577.00 ,211712000.00 
26-Feb-17,0.005664,0.005733,0.005651,0.005671,258373.00 ,210392000.00 
27-Feb-17,0.005665,0.005696,0.005608,0.005609,641126.00 ,210424992.00 
28-Feb-17,0.005608,0.005631,0.005438,0.005536,1693350.00 ,208296992.00 
1-Mar-17,0.005525,0.005547,0.005372,0.005408,1630460.00 ,205222000.00 
2-Mar-17,0.005419,0.006217,0.005408,0.005991,3811500.00 ,201300992.00 
3-Mar-17,0.005988,0.006346,0.005968,0.006339,2703850.00 ,224008992.00 
4-Mar-17,0.006354,0.006497,0.006278,0.006299,1372440.00 ,237670000.00 
5-Mar-17,0.00629,0.006389,0.006129,0.006129,1044760.00 ,235300992.00 
6-Mar-17,0.006129,0.006221,0.006047,0.006057,1023500.00 ,229280000.00 
7-Mar-17,0.006057,0.006577,0.005974,0.006534,2901920.00 ,226570000.00 
8-Mar-17,0.006551,0.006776,0.006363,0.006509,3432500.00 ,245051008.00 
9-Mar-17,0.006485,0.006606,0.006423,0.006498,2064660.00 ,242570000.00 
10-Mar-17,0.006503,0.006546,0.00605,0.006227,3144440.00 ,242488000.00 
11-Mar-17,0.006229,0.006383,0.00613,0.006238,1818590.00 ,232266000.00 
12-Mar-17,0.006214,0.006313,0.006086,0.006255,1531030.00 ,231720992.00 
13-Mar-17,0.006271,0.006429,0.006156,0.006385,2561890.00 ,233852992.00 
14-Mar-17,0.006346,0.006406,0.006277,0.006381,1358830.00 ,236634000.00 
15-Mar-17,0.00637,0.0065,0.006301,0.006314,1376090.00 ,237552000.00 
16-Mar-17,0.006319,0.006409,0.006213,0.006394,3860210.00 ,235622000.00 
17-Mar-17,0.006406,0.006406,0.00597,0.006116,3442010.00 ,239192992.00 
18-Mar-17,0.006137,0.007396,0.006118,0.00671,7223300.00 ,229142000.00 
19-Mar-17,0.006736,0.007198,0.006556,0.006912,4241970.00 ,251511008.00 
20-Mar-17,0.006915,0.007112,0.006761,0.006975,3423710.00 ,258208000.00 
21-Mar-17,0.006996,0.007075,0.006792,0.006909,3021440.00 ,261234000.00 
22-Mar-17,0.006908,0.00746,0.006882,0.007301,4652530.00 ,257915008.00 
23-Mar-17,0.007284,0.010582,0.007258,0.010582,12315100.00 ,271964992.00 
24-Mar-17,0.010528,0.010825,0.009135,0.010518,24493700.00 ,393620000.00 
25-Mar-17,0.010502,0.010711,0.00904,0.009116,11334900.00 ,392673984.00 
26-Mar-17,0.009159,0.00984,0.009079,0.009545,5475230.00 ,342448000.00 
27-Mar-17,0.009482,0.010053,0.009155,0.009597,6336150.00 ,354513984.00 
28-Mar-17,0.009568,0.009644,0.00928,0.009514,3111280.00 ,357724000.00 
29-Mar-17,0.009526,0.010101,0.00952,0.010101,3344230.00 ,356171008.00 
30-Mar-17,0.010125,0.014126,0.010125,0.013276,19821800.00 ,378563008.00 
31-Mar-17,0.013049,0.021776,0.013049,0.020889,72699400.00 ,487884992.00 
1-Apr-17,0.021743,0.022798,0.019664,0.021892,30657700.00 ,812963008.00 
2-Apr-17,0.021938,0.071441,0.021696,0.061159,230622000.00 ,820232000.00 
3-Apr-17,0.060291,0.061594,0.027447,0.033023,155550000.00 ,-2033167360.00 
4-Apr-17,0.033032,0.040702,0.028324,0.037455,78538096.00 ,1239170048.00 
5-Apr-17,0.037386,0.040178,0.035214,0.035544,42360300.00 ,1402530048.00 
6-Apr-17,0.035672,0.036843,0.029463,0.032665,48264600.00 ,1338210048.00 
7-Apr-17,0.03274,0.036935,0.030789,0.03632,36825000.00 ,1228290048.00 
8-Apr-17,0.036355,0.036895,0.034932,0.035849,14782600.00 ,1363900032.00 
9-Apr-17,0.035799,0.035799,0.032327,0.03402,15695600.00 ,1343049984.00 
10-Apr-17,0.034123,0.035091,0.032806,0.033598,12012700.00 ,1280150016.00 
11-Apr-17,0.033677,0.034576,0.032035,0.032952,11301000.00 ,1263420032.00 
12-Apr-17,0.033002,0.034794,0.032477,0.034336,13437000.00 ,1238109952.00 
13-Apr-17,0.034459,0.035574,0.033461,0.034383,15872400.00 ,1292790016.00 
14-Apr-17,0.034262,0.035127,0.032986,0.033779,8869300.00 ,1285920000.00 
15-Apr-17,0.033528,0.034281,0.033276,0.033955,4972610.00 ,1258400000.00 
16-Apr-17,0.03388,0.034002,0.033194,0.033462,5980280.00 ,1271609984.00 
17-Apr-17,0.0334,0.03406,0.032955,0.033655,7933260.00 ,1253560064.00 
18-Apr-17,0.033638,0.034021,0.032866,0.033184,8970210.00 ,1262530048.00 
19-Apr-17,0.033181,0.033387,0.029687,0.030173,13265600.00 ,1245350016.00 
20-Apr-17,0.030259,0.030611,0.027493,0.029984,25650400.00 ,1135699968.00 
21-Apr-17,0.029727,0.034044,0.029216,0.032779,28245700.00 ,1126210048.00 
22-Apr-17,0.033122,0.033279,0.031422,0.03177,9020550.00 ,1254840064.00 
23-Apr-17,0.031878,0.031974,0.030742,0.031278,4976320.00 ,1207680000.00 
24-Apr-17,0.031236,0.031436,0.030739,0.031384,6333250.00 ,1183369984.00 
25-Apr-17,0.031409,0.033826,0.031297,0.032346,13469200.00 ,1189920000.00 
26-Apr-17,0.03239,0.033509,0.032183,0.032797,11921700.00 ,1227079936.00 
27-Apr-17,0.032827,0.035377,0.032157,0.034816,16661600.00 ,1243640064.00 
28-Apr-17,0.034843,0.045111,0.034784,0.044475,81121600.00 ,1320039936.00 
29-Apr-17,0.044558,0.057719,0.044558,0.052868,114359000.00 ,1688070016.00 
30-Apr-17,0.052807,0.054646,0.049574,0.051607,41974200.00 ,2000600064.00 
1-May-17,0.05158,0.057779,0.049317,0.055115,61730100.00 ,1954089984.00 
2-May-17,0.054646,0.055639,0.05071,0.053908,33814700.00 ,2070240000.00 
3-May-17,0.053905,0.061435,0.052283,0.06049,42869000.00 ,2042179968.00 
4-May-17,0.061062,0.085499,0.059283,0.078914,153374000.00 ,-1981627392.00 
5-May-17,0.080229,0.106935,0.078704,0.093551,184430000.00 ,-1249837312.00 
6-May-17,0.093429,0.106144,0.093429,0.101791,88394200.00 ,-748807168.00 
7-May-17,0.101929,0.148274,0.098938,0.141763,249028992.00 ,-426197248.00 
8-May-17,0.14162,0.237587,0.135105,0.198212,402611008.00 ,1080302592.00 
9-May-17,0.199198,0.21689,0.134406,0.160074,214002000.00 ,-1029254656.00 
10-May-17,0.158471,0.201207,0.156363,0.186066,138792000.00 ,1719892480.00 
11-May-17,0.185035,0.194828,0.162431,0.183135,103699000.00 ,-1566824448.00 
12-May-17,0.18276,0.209535,0.180984,0.206068,123635000.00 ,-1589154816.00 
13-May-17,0.206697,0.223602,0.18698,0.214878,117101000.00 ,-672224768.00 
14-May-17,0.215179,0.223486,0.211186,0.220223,69732000.00 ,-347314688.00 
15-May-17,0.220069,0.27072,0.220069,0.27072,223923008.00 ,-159994368.00 
16-May-17,0.269824,0.349861,0.269824,0.349861,440881984.00 ,1745865728.00 
17-May-17,0.355124,0.43517,0.326358,0.394132,470974016.00 ,718398464.00 
18-May-17,0.394931,0.408012,0.331116,0.364869,237644000.00 ,-2051668992.00 
19-May-17,0.363505,0.363505,0.300794,0.327801,269894016.00 ,1121898496.00 
20-May-17,0.328631,0.370361,0.303941,0.351634,237792000.00 ,-221901824.00 
21-May-17,0.353164,0.367636,0.332222,0.336201,129765000.00 ,723397632.00 
22-May-17,0.338403,0.345412,0.270091,0.317954,265699008.00 ,154598400.00 
23-May-17,0.313347,0.354014,0.291893,0.323368,153050000.00 ,-810802176.00 
24-May-17,0.325054,0.357358,0.293009,0.29589,166168000.00 ,-359701504.00 
25-May-17,0.291834,0.303467,0.238308,0.246065,237804992.00 ,-1639801856.00 
26-May-17,0.245083,0.327812,0.245083,0.271808,253935008.00 ,784325632.00 
27-May-17,0.272697,0.283363,0.162345,0.212549,255532000.00 ,1840565248.00 
28-May-17,0.212887,0.242395,0.204652,0.229554,122253000.00 ,-447144448.00 
29-May-17,0.227189,0.24282,0.214777,0.23207,86555600.00 ,99895296.00 
30-May-17,0.232191,0.237367,0.205324,0.205324,92808704.00 ,291215360.00 
31-May-17,0.20536,0.247677,0.193839,0.24659,160620000.00 ,-735054848.00 
1-Jun-17,0.243946,0.336797,0.243946,0.333657,588819008.00 ,740835328.00 
2-Jun-17,0.333645,0.335809,0.29071,0.303448,293676992.00 ,998400.00 
3-Jun-17,0.30046,0.310863,0.277563,0.29458,155454000.00 ,-1280602112.00 
4-Jun-17,0.298386,0.313944,0.277185,0.299413,153488000.00 ,-1360701440.00 
5-Jun-17,0.299862,0.302394,0.2846,0.294003,78433504.00 ,-1303701504.00 
6-Jun-17,0.294028,0.294537,0.276248,0.284548,132720000.00 ,-1529001984.00 
7-Jun-17,0.284677,0.298379,0.278874,0.279783,145839008.00 ,-1890201600.00 
8-Jun-17,0.280902,0.29857,0.276441,0.289678,103152000.00 ,-2036001792.00 
9-Jun-17,0.289695,0.299493,0.285884,0.286019,102482000.00 ,-1769001984.00 
10-Jun-17,0.285806,0.288991,0.257879,0.260874,156720992.00 ,-1931001856.00 
11-Jun-17,0.259445,0.277735,0.259113,0.272759,114566000.00 ,1353655296.00 
12-Jun-17,0.273075,0.28329,0.247476,0.253964,149942000.00 ,1876065280.00 
13-Jun-17,0.253823,0.274659,0.2522,0.266153,111937000.00 ,1138185216.00 
14-Jun-17,0.265823,0.307854,0.263202,0.278447,431096000.00 ,1598065664.00 
15-Jun-17,0.278196,0.278923,0.240868,0.259266,191548000.00 ,2072265728.00 
16-Jun-17,0.259473,0.266211,0.252408,0.262068,88152400.00 ,1345355776.00 
17-Jun-17,0.262358,0.270717,0.258105,0.268351,121948000.00 ,1455865856.00 
18-Jun-17,0.268085,0.289468,0.265078,0.2846,232512000.00 ,1675065344.00 
19-Jun-17,0.283977,0.296068,0.280233,0.296068,164955008.00 ,-2011301888.00 
20-Jun-17,0.292194,0.339533,0.290147,0.324427,793609984.00 ,-1696701440.00 
21-Jun-17,0.324623,0.32776,0.283614,0.296366,358492992.00 ,-455002112.00 
22-Jun-17,0.299886,0.305852,0.291519,0.297848,194551008.00 ,-1402196992.00 
23-Jun-17,0.297718,0.320751,0.295551,0.319978,177220992.00 ,-1484851200.00 
24-Jun-17,0.319188,0.327117,0.306487,0.31111,313710016.00 ,-662762496.00 
25-Jun-17,0.310816,0.311157,0.289148,0.298423,158844992.00 ,-983311360.00 
26-Jun-17,0.29877,0.30198,0.260819,0.277288,280100000.00 ,-1444598784.00 
27-Jun-17,0.277288,0.27881,0.251052,0.276306,186951008.00 ,2027814912.00 
28-Jun-17,0.275391,0.28149,0.26784,0.280455,126278000.00 ,1955183616.00 
29-Jun-17,0.280565,0.280873,0.264175,0.265421,89745296.00 ,-2141681664.00 
30-Jun-17,0.26606,0.26916,0.262242,0.26293,67764496.00 ,1597882368.00 
1-Jul-17,0.262855,0.263053,0.252966,0.254744,53611000.00 ,1475136512.00 
2-Jul-17,0.254512,0.259951,0.250944,0.259449,54095000.00 ,1155663872.00 
3-Jul-17,0.258977,0.262354,0.255666,0.259959,60367800.00 ,1326648320.00 
4-Jul-17,0.259841,0.262258,0.254387,0.254709,56008900.00 ,1359737856.00 
5-Jul-17,0.255125,0.261713,0.254275,0.256523,73292096.00 ,1179170816.00 
6-Jul-17,0.256374,0.257148,0.253303,0.254641,43845800.00 ,1226976256.00 
7-Jul-17,0.254858,0.255431,0.238892,0.23948,88408000.00 ,1168931840.00 
8-Jul-17,0.239741,0.239741,0.221769,0.236134,124578000.00 ,590068736.00 
9-Jul-17,0.236884,0.248501,0.233416,0.233416,82755000.00 ,480687104.00 
10-Jul-17,0.234067,0.234067,0.185418,0.203165,119367000.00 ,372834304.00 
11-Jul-17,0.196415,0.20332,0.168265,0.185019,271415008.00 ,-1068943360.00 
12-Jul-17,0.184198,0.205898,0.177162,0.205354,153023008.00 ,-1536750592.00 
13-Jul-17,0.205873,0.230452,0.193357,0.200809,216750000.00 ,-706762240.00 
14-Jul-17,0.200819,0.201156,0.183369,0.190769,97037600.00 ,-900279808.00 
15-Jul-17,0.190976,0.191167,0.167118,0.170589,131779000.00 ,-1277188608.00 
16-Jul-17,0.16948,0.172575,0.11977,0.148056,257944000.00 ,-2100295168.00 
17-Jul-17,0.150146,0.179604,0.141425,0.177889,312684992.00 ,1454348800.00 
18-Jul-17,0.179668,0.195807,0.165966,0.188718,295840992.00 ,-1710195712.00 
19-Jul-17,0.188498,0.188533,0.158188,0.168388,147778000.00 ,-1372097536.00 
20-Jul-17,0.170017,0.192918,0.167718,0.188295,183292000.00 ,-2079742464.00 
21-Jul-17,0.18943,0.190708,0.181098,0.182608,104722000.00 ,-1336406016.00 
22-Jul-17,0.182168,0.195009,0.181447,0.19332,83913800.00 ,-1614475776.00 
23-Jul-17,0.193568,0.204121,0.188722,0.195058,195682000.00 ,-1177957888.00 
24-Jul-17,0.194979,0.195279,0.189835,0.192002,56632800.00 ,-1123910656.00 
25-Jul-17,0.19228,0.192734,0.169797,0.178104,166807008.00 ,-1219392512.00 
26-Jul-17,0.177582,0.180872,0.16906,0.173822,76584600.00 ,-1782819840.00 
27-Jul-17,0.17521,0.176602,0.17198,0.173457,34575100.00 ,-1873744896.00 
28-Jul-17,0.173211,0.174078,0.162183,0.165937,74649800.00 ,-1950232576.00 
29-Jul-17,0.165218,0.171566,0.155475,0.169871,80897000.00 ,2038367744.00 
30-Jul-17,0.169494,0.170411,0.164094,0.165082,40621700.00 ,-2092688896.00 
31-Jul-17,0.16505,0.169535,0.162002,0.167386,57273800.00 ,2031896576.00 
1-Aug-17,0.168024,0.178332,0.166124,0.177053,119957000.00 ,2145895936.00 
2-Aug-17,0.177531,0.179655,0.171618,0.173113,53441400.00 ,-1784631296.00 
3-Aug-17,0.173218,0.175969,0.17173,0.174612,31479000.00 ,-1949968384.00 
4-Aug-17,0.174555,0.176053,0.172224,0.173743,45170000.00 ,-1896812032.00 
5-Aug-17,0.173865,0.187844,0.173267,0.184737,114270000.00 ,-1923293184.00 
6-Aug-17,0.185398,0.189486,0.180298,0.180444,74161600.00 ,-1481074688.00 
7-Aug-17,0.179716,0.181847,0.177605,0.179021,58052100.00 ,-1698918400.00 
8-Aug-17,0.179602,0.194391,0.178487,0.192586,180028000.00 ,-1703311360.00 
9-Aug-17,0.192527,0.192914,0.180629,0.182947,97805400.00 ,-1207718400.00 
10-Aug-17,0.183168,0.1835,0.180013,0.180399,48162800.00 ,-1566551552.00 
11-Aug-17,0.180175,0.182631,0.177627,0.179307,54059700.00 ,-1679757312.00 
12-Aug-17,0.179221,0.182599,0.173242,0.173853,65229300.00 ,-1716347904.00 
13-Aug-17,0.173545,0.174147,0.162625,0.168092,110199000.00 ,-1934006272.00 
14-Aug-17,0.168376,0.180054,0.165289,0.169991,84388304.00 ,-2132253696.00 
15-Aug-17,0.16979,0.16979,0.158244,0.161221,100614000.00 ,-2079531008.00 
16-Aug-17,0.161238,0.161726,0.153087,0.160431,107920000.00 ,1887524864.00 
17-Aug-17,0.160787,0.161001,0.155909,0.157498,56084300.00 ,1870218752.00 
18-Aug-17,0.157117,0.168716,0.154162,0.158883,146539008.00 ,1729505280.00 
19-Aug-17,0.159553,0.162348,0.152305,0.155057,87062096.00 ,1822923776.00 
20-Aug-17,0.154569,0.161205,0.153432,0.158735,68542800.00 ,1631799808.00 
21-Aug-17,0.15841,0.205684,0.154856,0.191918,447088992.00 ,1779073536.00 
22-Aug-17,0.194971,0.254659,0.171483,0.239286,1450040064.00 ,-1113984512.00 
23-Aug-17,0.240987,0.297662,0.219992,0.246827,1770400000.00 ,650443776.00 
24-Aug-17,0.252371,0.288783,0.212543,0.218958,1342360064.00 ,1086952448.00 
25-Aug-17,0.2172,0.232184,0.203022,0.217828,504484000.00 ,-261636608.00 
26-Aug-17,0.218256,0.229086,0.210324,0.212577,184120992.00 ,-221147648.00 
27-Aug-17,0.212617,0.212617,0.197717,0.202995,193971008.00 ,-437390336.00 
28-Aug-17,0.203425,0.23626,0.19661,0.224508,542467968.00 ,-789848576.00 
29-Aug-17,0.224026,0.225926,0.214867,0.218564,269769984.00 ,67584.00 
30-Aug-17,0.218871,0.229805,0.217476,0.228006,181186000.00 ,-197595136.00 
31-Aug-17,0.227558,0.261038,0.225907,0.25563,432574016.00 ,135516160.00 
1-Sep-17,0.255803,0.256162,0.243833,0.248479,283576000.00 ,1218530304.00 
2-Sep-17,0.249348,0.24968,0.217774,0.226669,329928000.00 ,971009024.00 
3-Sep-17,0.227229,0.236443,0.218662,0.228811,186526000.00 ,122903552.00 
4-Sep-17,0.228781,0.228781,0.19596,0.204968,239612992.00 ,182401024.00 
5-Sep-17,0.20511,0.218674,0.190232,0.215189,242636000.00 ,-725232640.00 
6-Sep-17,0.214951,0.22686,0.214805,0.226186,163296992.00 ,-347871744.00 
7-Sep-17,0.226382,0.22721,0.219618,0.22364,103080000.00 ,90421248.00 
8-Sep-17,0.223615,0.224308,0.206103,0.211518,151328992.00 ,-15676416.00 
9-Sep-17,0.211293,0.211892,0.206395,0.209995,51185500.00 ,-488133120.00 
10-Sep-17,0.209606,0.216529,0.197605,0.213031,117091000.00 ,-552853504.00 
11-Sep-17,0.212513,0.220057,0.210353,0.214441,138339008.00 ,-441375232.00 
12-Sep-17,0.21486,0.220623,0.207608,0.209303,94519504.00 ,-351388672.00 
13-Sep-17,0.20963,0.209674,0.196179,0.200778,105471000.00 ,-551903744.00 
14-Sep-17,0.200427,0.20201,0.164167,0.164167,152532992.00 ,-904794112.00 
15-Sep-17,0.165035,0.189184,0.150973,0.181358,289414016.00 ,2033124352.00 
16-Sep-17,0.181925,0.187417,0.172279,0.179082,84495200.00 ,-1614242816.00 
17-Sep-17,0.178377,0.181121,0.171017,0.178393,49161100.00 ,-1750291456.00 
18-Sep-17,0.178309,0.190019,0.178309,0.189768,88397904.00 ,-1752875520.00 
19-Sep-17,0.189819,0.19068,0.181334,0.184041,54046100.00 ,-1311543296.00 
20-Sep-17,0.18371,0.186229,0.180333,0.182078,34521600.00 ,-1545776640.00 
21-Sep-17,0.180981,0.182109,0.171148,0.171754,43583200.00 ,-1650433536.00 
22-Sep-17,0.171567,0.17587,0.169291,0.17351,37244700.00 ,-2011402752.00 
23-Sep-17,0.173371,0.178672,0.171527,0.177882,32476700.00 ,-1942238720.00 
24-Sep-17,0.178175,0.178939,0.174165,0.175787,20566500.00 ,-1758037504.00 
25-Sep-17,0.175519,0.183665,0.174939,0.181487,35622600.00 ,-1859853312.00 
26-Sep-17,0.181968,0.191247,0.180085,0.186119,70000704.00 ,-1612597248.00 
27-Sep-17,0.185297,0.207687,0.185098,0.203299,249934000.00 ,-1484920832.00 
28-Sep-17,0.202532,0.203271,0.191344,0.196131,117962000.00 ,-824072192.00 
29-Sep-17,0.196105,0.196203,0.187172,0.193606,72291200.00 ,-1070516736.00 
30-Sep-17,0.193824,0.199826,0.193497,0.197529,54729300.00 ,-1157967872.00 
1-Oct-17,0.197622,0.207185,0.19617,0.206532,51345500.00 ,-1012343808.00 
2-Oct-17,0.206077,0.206556,0.199444,0.202676,77412304.00 ,-688146432.00 
3-Oct-17,0.203209,0.204808,0.19873,0.203318,48703100.00 ,-798117376.00 
4-Oct-17,0.203218,0.217024,0.202647,0.214774,123573000.00 ,-797765120.00 
5-Oct-17,0.215583,0.241023,0.215583,0.237016,404299008.00 ,-323657216.00 
6-Oct-17,0.237726,0.242424,0.233533,0.234039,167492000.00 ,525379584.00 
7-Oct-17,0.233963,0.239336,0.233478,0.23861,77950200.00 ,440384512.00 
8-Oct-17,0.238312,0.279944,0.237532,0.279944,529838016.00 ,608243712.00 
9-Oct-17,0.278758,0.278758,0.24043,0.251825,610110016.00 ,-2125620224.00 
10-Oct-17,0.252825,0.26656,0.241193,0.260733,384048992.00 ,1168375808.00 
11-Oct-17,0.260658,0.267843,0.25908,0.264439,161206000.00 ,1471575040.00 
12-Oct-17,0.265046,0.267468,0.248414,0.248414,245004000.00 ,1640972288.00 
13-Oct-17,0.248285,0.26425,0.238867,0.260489,398688992.00 ,993988608.00 
14-Oct-17,0.26115,0.267721,0.25732,0.25732,211160000.00 ,1472593920.00 
15-Oct-17,0.257537,0.268419,0.249048,0.263983,280211008.00 ,1333378048.00 
16-Oct-17,0.263386,0.291359,0.24901,0.256232,963158016.00 ,1558752256.00 
17-Oct-17,0.256098,0.263147,0.222939,0.232064,411264992.00 ,1277928448.00 
18-Oct-17,0.231216,0.23815,0.207265,0.21852,354224992.00 ,319165440.00 
19-Oct-17,0.218229,0.23179,0.208317,0.21515,304542016.00 ,-181229568.00 
20-Oct-17,0.215086,0.223822,0.208754,0.210549,182704000.00 ,-302332416.00 
21-Oct-17,0.210189,0.212381,0.200774,0.211016,116807000.00 ,-491018752.00 
22-Oct-17,0.210958,0.211901,0.200722,0.204177,75849504.00 ,-461412864.00 
23-Oct-17,0.203504,0.203919,0.190729,0.196928,99914800.00 ,-748605952.00 
24-Oct-17,0.195567,0.217508,0.190455,0.206644,220080992.00 ,-1054453248.00 
25-Oct-17,0.207113,0.208237,0.201803,0.204604,75017504.00 ,-609567232.00 
26-Oct-17,0.204444,0.206289,0.20266,0.203628,38193100.00 ,-712407552.00 
27-Oct-17,0.203668,0.204492,0.201771,0.202785,29623000.00 ,-742289408.00 
28-Oct-17,0.202592,0.203476,0.201401,0.201835,26864900.00 ,-783736832.00 
29-Oct-17,0.201358,0.205209,0.200075,0.202785,62511100.00 ,-831290368.00 
30-Oct-17,0.203076,0.204135,0.201946,0.202711,34835100.00 ,-765112832.00 
31-Oct-17,0.202405,0.203778,0.200461,0.200558,43875700.00 ,-790943232.00 
1-Nov-17,0.200247,0.201501,0.193613,0.194124,67921000.00 ,-874095616.00 
2-Nov-17,0.194596,0.211848,0.183815,0.205861,197770000.00 ,-1091842560.00 
3-Nov-17,0.206205,0.228026,0.201728,0.208133,373401984.00 ,-644522496.00 
4-Nov-17,0.208083,0.208479,0.202133,0.20375,74013200.00 ,-572168192.00 
5-Nov-17,0.203274,0.205124,0.201117,0.202055,46959000.00 ,-757480448.00 
6-Nov-17,0.201967,0.208662,0.20141,0.20599,102233000.00 ,-807851520.00 
7-Nov-17,0.205103,0.211375,0.203978,0.210354,114073000.00 ,-687019520.00 
8-Nov-17,0.210675,0.221458,0.20806,0.217437,156959008.00 ,-472319488.00 
9-Nov-17,0.217911,0.221791,0.214866,0.217488,147916992.00 ,-193496064.00 
10-Nov-17,0.218256,0.219068,0.20526,0.206483,141032992.00 ,-180197888.00 
11-Nov-17,0.205948,0.214456,0.205459,0.21043,134503008.00 ,-654444032.00 
12-Nov-17,0.210214,0.210214,0.195389,0.197339,251175008.00 ,-490072576.00 
13-Nov-17,0.197472,0.204081,0.197456,0.203442,132567000.00 ,-981045248.00 
14-Nov-17,0.203679,0.213693,0.203679,0.209825,127361000.00 ,-723261952.00 
15-Nov-17,0.208937,0.213105,0.208058,0.212956,100294000.00 ,-520201728.00 
16-Nov-17,0.212655,0.27179,0.209287,0.227107,1022579968.00 ,-376571904.00 
17-Nov-17,0.224768,0.239409,0.220273,0.226581,397071008.00 ,91255808.00 
18-Nov-17,0.226547,0.230399,0.222399,0.228627,144298000.00 ,159969280.00 
19-Nov-17,0.22814,0.236231,0.226037,0.231016,193808000.00 ,221477888.00 
20-Nov-17,0.231336,0.24343,0.230917,0.238759,214663008.00 ,344916992.00 
21-Nov-17,0.237978,0.240974,0.2272,0.233271,217851008.00 ,601458688.00 
22-Nov-17,0.232642,0.240848,0.232317,0.238859,167078000.00 ,395368448.00 
23-Nov-17,0.238991,0.250096,0.237304,0.242402,240684992.00 ,640583680.00 
24-Nov-17,0.242851,0.245388,0.238421,0.244642,211486000.00 ,789662720.00 
25-Nov-17,0.244178,0.2557,0.243584,0.252393,212592992.00 ,840911872.00 
26-Nov-17,0.252914,0.252914,0.248589,0.248818,133297000.00 ,1178338304.00 
27-Nov-17,0.248305,0.254733,0.247861,0.253927,196735008.00 ,1000300544.00 
28-Nov-17,0.254037,0.301084,0.253415,0.299152,720742976.00 ,1221718016.00 
29-Nov-17,0.297867,0.297867,0.239409,0.243064,541177984.00 ,-1380407296.00 
30-Nov-17,0.246433,0.261524,0.229586,0.250878,270907008.00 ,928006144.00 
1-Dec-17,0.250352,0.258828,0.239438,0.255699,182992000.00 ,1079359488.00 
2-Dec-17,0.255656,0.259218,0.250756,0.255492,118250000.00 ,1284250624.00 
3-Dec-17,0.25553,0.263072,0.247391,0.252558,134710000.00 ,1279372288.00 
4-Dec-17,0.252919,0.255362,0.24716,0.253571,104650000.00 ,1178541056.00 
5-Dec-17,0.253598,0.253988,0.245234,0.246101,174591008.00 ,1226058752.00 
6-Dec-17,0.245416,0.245705,0.227742,0.232544,274526016.00 ,917255168.00 
7-Dec-17,0.232623,0.23376,0.22134,0.222823,275204992.00 ,421692416.00 
8-Dec-17,0.223636,0.278673,0.222168,0.252125,660172032.00 ,73521152.00 
9-Dec-17,0.252162,0.255684,0.240073,0.244708,205288992.00 ,1178608640.00 
10-Dec-17,0.245548,0.245548,0.229304,0.237333,198174000.00 ,922397696.00 
11-Dec-17,0.236574,0.252777,0.235804,0.251691,176100992.00 ,574731264.00 
12-Dec-17,0.252258,0.434102,0.250961,0.373541,1555040000.00 ,1182307328.00 
13-Dec-17,0.372689,0.513768,0.342964,0.471063,-1556207360.00 ,1552734208.00 
14-Dec-17,0.470648,0.892267,0.466401,0.864263,2063732736.00 ,1052620800.00 
15-Dec-17,0.86176,0.86176,0.666114,0.756181,-1100757248.00 ,-975880192.00 
16-Dec-17,0.755493,0.815923,0.741667,0.758642,1334770048.00 ,-797626368.00 
17-Dec-17,0.754125,0.765981,0.719929,0.728366,805200000.00 ,-850597888.00 
18-Dec-17,0.728036,0.792014,0.689323,0.778407,1342720000.00 ,-1861292032.00 
19-Dec-17,0.777447,0.863536,0.756724,0.791257,1449670016.00 ,52846592.00 
20-Dec-17,0.787171,0.789044,0.730953,0.775964,1007420032.00 ,429576192.00 
21-Dec-17,0.782515,1.24,0.782515,1.19,-668857344.00 ,249188352.00 
22-Dec-17,1.17,1.38,0.741013,1.14,349732864.00 ,-2055106560.00 
23-Dec-17,1.17,1.21,1.08,1.17,1497590016.00 ,-2077032448.00 
24-Dec-17,1.18,1.18,0.911226,1.04,754958976.00 ,-1703587840.00 
25-Dec-17,1.05,1.13,1,1.12,686014016.00 ,1851342848.00 
26-Dec-17,1.12,1.19,1.09,1.19,938846976.00 ,505737216.00 
27-Dec-17,1.18,1.47,1.18,1.4,-1440707328.00 ,-1368944640.00 
28-Dec-17,1.39,1.5,1.26,1.43,-1451667200.00 ,-1836347392.00 
29-Dec-17,1.44,2.27,1.44,2.21,-1044194816.00 ,-67051520.00 
30-Dec-17,2.2,2.85,2.04,2.16,-481544704.00 ,-711942144.00 
31-Dec-17,2.1,2.39,1.87,2.3,347112448.00 ,-441810944.00 
1-Jan-18,2.3,2.39,2.15,2.39,1894230016.00 ,-1248436224.00 
2-Jan-18,2.37,2.49,2.25,2.48,-1123957248.00 ,1597464576.00 
3-Jan-18,2.46,3.28,2.44,3.11,-1954054656.00 ,967901184.00 
4-Jan-18,3.12,3.84,3.12,3.2,-486274560.00 ,504078336.00 
5-Jan-18,3.3,3.56,2.83,3.05,1993532928.00 ,-978567168.00 
6-Jan-18,3.02,3.24,2.99,3.09,-1517407232.00 ,1068720128.00 
7-Jan-18,3.09,3.49,3.08,3.38,-1899817216.00 ,-440418304.00 
8-Jan-18,3.36,3.36,2.07,2.46,-979707392.00 ,1452670976.00 
9-Jan-18,2.44,2.53,1.98,2.1,-600267264.00 ,168189952.00 
10-Jan-18,2.13,2.16,1.7,1.97,538672640.00 ,906657792.00 
11-Jan-18,1.98,2.25,1.62,1.95,2001152512.00 ,-597614592.00 
12-Jan-18,1.94,2.16,1.87,2.04,-964157184.00 ,-2136956928.00 
13-Jan-18,2.05,2.12,1.98,2.02,2130169984.00 ,-2134687744.00 
14-Jan-18,2.02,2.02,1.81,1.86,1978200064.00 ,886349824.00 
15-Jan-18,1.86,1.9,1.67,1.68,1838460032.00 ,-1105010688.00 
16-Jan-18,1.68,1.7,0.909313,1.18,1392992768.00 ,593874944.00 
17-Jan-18,1.18,1.38,0.897797,1.31,-1338724352.00 ,-1389936640.00 
18-Jan-18,1.31,1.73,1.26,1.6,520505344.00 ,-962543616.00 
19-Jan-18,1.58,1.7,1.5,1.55,-597537280.00 ,1162391552.00 
20-Jan-18,1.56,1.63,1.5,1.58,-1948517376.00 ,413474816.00 
21-Jan-18,1.58,1.58,1.34,1.38,-1454217216.00 ,932364288.00 
22-Jan-18,1.39,1.43,1.16,1.36,-1652457216.00 ,-1924767744.00 
23-Jan-18,1.35,1.43,1.2,1.34,-1317887232.00 ,881696768.00 
24-Jan-18,1.35,1.42,1.31,1.36,1853440000.00 ,840474624.00 
25-Jan-18,1.36,1.38,1.29,1.31,986067968.00 ,1271484416.00 
26-Jan-18,1.31,1.33,1.13,1.22,2037570048.00 ,-833175552.00 
27-Jan-18,1.22,1.24,1.19,1.22,689100992.00 ,-64446464.00 
28-Jan-18,1.22,1.44,1.22,1.4,1327360000.00 ,167858176.00 
29-Jan-18,1.4,1.41,1.3,1.32,1073680000.00 ,-1630318592.00 
30-Jan-18,1.33,1.33,1.13,1.14,1134640000.00 ,-87179264.00 
31-Jan-18,1.13,1.19,1.04,1.16,1264029952.00 ,851111936.00 
1-Feb-18,1.16,1.16,0.930378,0.96253,1410419968.00 ,2021797888.00 
2-Feb-18,0.960642,0.960642,0.635185,0.884784,-765207296.00 ,-1180798976.00 
3-Feb-18,0.891992,0.974799,0.761635,0.924043,1988960000.00 ,436187136.00 
4-Feb-18,0.913418,0.952947,0.796821,0.815703,1190960000.00 ,1271988224.00 
5-Feb-18,0.825943,0.833866,0.675827,0.691799,1286179968.00 ,-2140336128.00 
6-Feb-18,0.705121,0.786004,0.58836,0.776393,-1933827328.00 ,1736398848.00 
7-Feb-18,0.774576,0.805478,0.70695,0.723895,1133369984.00 ,150849536.00 
8-Feb-18,0.729252,0.80697,0.722611,0.805263,947315008.00 ,-1617233920.00 
9-Feb-18,0.79714,0.954428,0.77154,0.954428,1690339968.00 ,1031036928.00 
10-Feb-18,0.947251,1.3,0.947251,1.07,387042816.00 ,-1703174144.00 
11-Feb-18,1.07,1.08,0.929767,1,-1739657216.00 ,-1314123776.00 
12-Feb-18,1.01,1.11,1.01,1.08,1756290048.00 ,608026624.00 
13-Feb-18,1.08,1.08,1.01,1.03,921100032.00 ,-829825024.00 
14-Feb-18,1.03,1.17,1.02,1.14,1457600000.00 ,1371807744.00 
15-Feb-18,1.14,1.16,1.11,1.15,1188530048.00 ,1483923456.00 
16-Feb-18,1.14,1.15,1.11,1.14,568339008.00 ,1713582080.00 
17-Feb-18,1.14,1.22,1.13,1.2,1186729984.00 ,1420562432.00 
18-Feb-18,1.2,1.21,1.09,1.12,1113650048.00 ,-247119872.00 
19-Feb-18,1.12,1.17,1.12,1.14,556304000.00 ,863584256.00 
20-Feb-18,1.14,1.17,1.08,1.09,806673024.00 ,1698471936.00 
21-Feb-18,1.08,1.1,0.998881,1.02,871526016.00 ,-742039552.00 
22-Feb-18,1.01,1.05,0.922458,0.941788,889707008.00 ,832741376.00 
23-Feb-18,0.934176,1.03,0.898286,0.998855,896403968.00 ,2081734656.00 
24-Feb-18,0.997659,1.01,0.929456,0.954402,489920000.00 ,348590080.00 
25-Feb-18,0.951977,0.967597,0.915279,0.943487,360271008.00 ,-1437372416.00 
26-Feb-18,0.943704,0.970906,0.913403,0.956859,458612992.00 ,-1760792576.00 
27-Feb-18,0.959302,0.97258,0.944977,0.947305,312712992.00 ,-1150984192.00 
28-Feb-18,0.944697,0.95555,0.903787,0.904583,329529984.00 ,-1721970688.00 
1-Mar-18,0.904131,0.953796,0.89063,0.928347,475256992.00 ,987086848.00 
2-Mar-18,0.926638,0.933912,0.902286,0.910144,271036000.00 ,1866989568.00 
3-Mar-18,0.908786,0.926512,0.903604,0.907804,280852992.00 ,1166475264.00 
4-Mar-18,0.906008,1.03,0.895618,1.01,797225984.00 ,1057894400.00 
5-Mar-18,1.01,1.08,0.956116,0.959368,1706819968.00 ,995954688.00 
6-Mar-18,0.954448,0.991306,0.916863,0.922887,875180032.00 ,-1343483904.00 
7-Mar-18,0.924378,0.930659,0.824895,0.87121,809598016.00 ,1776009216.00 
8-Mar-18,0.872508,0.888562,0.825387,0.825857,499496000.00 ,-251709440.00 
9-Mar-18,0.826122,0.856182,0.751485,0.849761,989203008.00 ,-2065012736.00 
10-Mar-18,0.854872,0.860443,0.793736,0.796627,402670016.00 ,-941131776.00 
11-Mar-18,0.795765,0.840407,0.775737,0.831122,472972000.00 ,1043236864.00 
12-Mar-18,0.832127,0.838328,0.787882,0.801048,355031008.00 ,-1830262784.00 
13-Mar-18,0.798451,0.805729,0.778471,0.789711,279679008.00 ,1148225536.00 
14-Mar-18,0.789569,0.79908,0.67601,0.701902,479148992.00 ,800827392.00 
15-Mar-18,0.702913,0.730673,0.643845,0.697269,888345024.00 ,1708285952.00 
16-Mar-18,0.699063,0.71178,0.674463,0.68926,502740000.00 ,1557751808.00 
17-Mar-18,0.687745,0.689434,0.626709,0.637856,319824000.00 ,1115318272.00 
18-Mar-18,0.634466,0.677591,0.548815,0.658777,923606016.00 ,-967434240.00 
19-Mar-18,0.672126,0.74908,0.640012,0.74908,1096930048.00 ,504768512.00 
20-Mar-18,0.736759,0.736759,0.673427,0.709808,814275968.00 ,-1261838336.00 
21-Mar-18,0.713055,0.72061,0.679162,0.693664,527324000.00 ,2106425344.00 
22-Mar-18,0.693145,0.701351,0.636741,0.662743,449041984.00 ,1328062464.00 
23-Mar-18,0.663111,0.663111,0.625258,0.643174,387164000.00 ,153995264.00 
24-Mar-18,0.646214,0.679608,0.640516,0.641265,390740000.00 ,-506554368.00 
25-Mar-18,0.638632,0.657213,0.631901,0.641875,229352000.00 ,-802988032.00 
26-Mar-18,0.642683,0.644121,0.585922,0.599463,384504992.00 ,-644605952.00 
27-Mar-18,0.599026,0.604332,0.565132,0.577917,351380992.00 ,1943613440.00 
28-Mar-18,0.577511,0.594023,0.572828,0.578002,258298000.00 ,1102510080.00 
29-Mar-18,0.577767,0.57864,0.511511,0.511511,420550016.00 ,1112516608.00 
30-Mar-18,0.513268,0.531276,0.484362,0.509565,518219008.00 ,-1409013760.00 
31-Mar-18,0.510617,0.529406,0.505167,0.512353,293208000.00 ,-1512513536.00 
1-Apr-18,0.513854,0.515437,0.466223,0.485081,297868992.00 ,-1385959424.00 
2-Apr-18,0.486067,0.510446,0.478596,0.500688,262342000.00 ,1822676992.00 
3-Apr-18,0.501533,0.562698,0.499658,0.558044,578238976.00 ,-1867649024.00 
4-Apr-18,0.554569,0.563117,0.498487,0.501631,415257984.00 ,205756416.00 
5-Apr-18,0.50195,0.505882,0.48449,0.495801,358755008.00 ,-1851353088.00 
6-Apr-18,0.494781,0.49809,0.465615,0.476431,218156000.00 ,-2131609600.00 
7-Apr-18,0.476851,0.495667,0.474575,0.487867,209076000.00 ,1462390784.00 
8-Apr-18,0.488227,0.501418,0.487591,0.500398,137548000.00 ,1907124224.00 
9-Apr-18,0.501201,0.512142,0.482573,0.491855,271775008.00 ,-1880623104.00 
10-Apr-18,0.492134,0.493645,0.482839,0.491931,154495008.00 ,2059884544.00 
11-Apr-18,0.492568,0.548455,0.489026,0.539506,341707008.00 ,2076852224.00 
12-Apr-18,0.538657,0.644518,0.506543,0.628737,1346739968.00 ,-416280576.00 
13-Apr-18,0.630093,0.693112,0.605816,0.638087,1245170048.00 ,-1118822400.00 
14-Apr-18,0.63738,0.661508,0.616307,0.632184,626268032.00 ,-833734656.00 
15-Apr-18,0.634883,0.682534,0.634143,0.682534,609636992.00 ,-931426304.00 
16-Apr-18,0.682296,0.687165,0.63861,0.663297,531996000.00 ,923541504.00 
17-Apr-18,0.66489,0.677356,0.654346,0.656933,442352992.00 ,242542592.00 
18-Apr-18,0.657052,0.721426,0.657052,0.708932,624049024.00 ,-64110592.00 
19-Apr-18,0.712059,0.791976,0.706841,0.791976,878328000.00 ,2087929856.00 
20-Apr-18,0.791172,0.938354,0.791172,0.924465,-1950897408.00 ,888098816.00 
21-Apr-18,0.925021,0.925021,0.821113,0.873103,1563970048.00 ,1829666816.00 
22-Apr-18,0.86682,0.911901,0.848091,0.869995,946398976.00 ,-447307776.00 
23-Apr-18,0.866578,0.88629,0.863304,0.876657,674545024.00 ,-456775680.00 
24-Apr-18,0.876012,0.96561,0.873566,0.934781,1572930048.00 ,-67203072.00 
25-Apr-18,0.932771,0.932771,0.779231,0.800607,1614050048.00 ,-2140246016.00 
26-Apr-18,0.801774,0.852414,0.771787,0.852414,1028590016.00 ,1321644032.00 
27-Apr-18,0.851139,0.859641,0.813885,0.813885,673793024.00 ,-1040875520.00 
28-Apr-18,0.812063,0.887591,0.812063,0.863804,788718976.00 ,1724420096.00 
29-Apr-18,0.864399,0.904945,0.83448,0.872778,896313984.00 ,-521807872.00 
30-Apr-18,0.871404,0.876788,0.831208,0.837938,575363968.00 ,-247586816.00 
1-May-18,0.838355,0.842069,0.797826,0.841407,630809024.00 ,-1541324800.00 
2-May-18,0.839355,0.86428,0.831713,0.859094,544425984.00 ,-1495777280.00 
3-May-18,0.85898,0.892916,0.847319,0.884466,725228992.00 ,-727377920.00 
4-May-18,0.881536,0.927695,0.866922,0.895442,1007609984.00 ,177307648.00 
5-May-18,0.895562,0.922354,0.895562,0.905103,668800000.00 ,726835200.00 
6-May-18,0.904235,0.918675,0.855972,0.871424,640057024.00 ,1066627072.00 
7-May-18,0.871214,0.871236,0.812933,0.832641,602534976.00 ,-227098624.00 
8-May-18,0.833086,0.846992,0.803568,0.81397,465040992.00 ,-1720870912.00 
9-May-18,0.813393,0.819969,0.7703,0.802043,611574976.00 ,1802549248.00 
10-May-18,0.803212,0.808914,0.757342,0.758237,399324000.00 ,1403686912.00 
11-May-18,0.756578,0.761326,0.656026,0.684948,991409024.00 ,-423358464.00 
12-May-18,0.685772,0.714918,0.639771,0.696735,596684992.00 ,1105588224.00 
13-May-18,0.698085,0.758977,0.680971,0.745748,532488000.00 ,1588137984.00 
14-May-18,0.744701,0.756983,0.707693,0.740898,613462016.00 ,-879976448.00 
15-May-18,0.738938,0.752269,0.692667,0.698588,422980000.00 ,-1105829888.00 
16-May-18,0.69592,0.714081,0.669438,0.714081,429641984.00 ,1503287296.00 
17-May-18,0.713388,0.714618,0.661213,0.66731,337999008.00 ,-2107121664.00 
18-May-18,0.6654,0.685625,0.65339,0.680294,344944000.00 ,307218432.00 
19-May-18,0.680759,0.69045,0.665896,0.676713,249039008.00 ,909109248.00 
20-May-18,0.677258,0.704614,0.673348,0.700244,275614016.00 ,771926016.00 
21-May-18,0.700441,0.703051,0.676203,0.681587,250480992.00 ,1680457728.00 
22-May-18,0.682151,0.682933,0.644588,0.645567,234712992.00 ,963682304.00 
23-May-18,0.648634,0.649121,0.586997,0.599594,482480992.00 ,-349857792.00 
24-May-18,0.599207,0.640258,0.589272,0.631997,440532992.00 ,2008047616.00 
25-May-18,0.632924,0.636208,0.603334,0.611001,289816000.00 ,-965543936.00 
26-May-18,0.610118,0.626494,0.6038,0.612708,213242000.00 ,-1859297280.00 
27-May-18,0.61204,0.612884,0.603328,0.607881,186963008.00 ,-1783980032.00 
28-May-18,0.608368,0.609781,0.552299,0.552299,327903008.00 ,-1927892992.00 
29-May-18,0.556084,0.610749,0.551635,0.601241,380744000.00 ,318076928.00 
30-May-18,0.603769,0.627679,0.590058,0.605817,320604992.00 ,-2108121088.00 
31-May-18,0.603452,0.621636,0.596089,0.612622,283328000.00 ,-2120540160.00 
1-Jun-18,0.612893,0.624824,0.609069,0.623364,263088000.00 ,-1750562816.00 
2-Jun-18,0.623462,0.648982,0.619477,0.643451,315206016.00 ,-1304205312.00 
3-Jun-18,0.643412,0.673594,0.640891,0.671205,327804000.00 ,-521340928.00 
4-Jun-18,0.692466,0.703623,0.644603,0.661425,558131008.00 ,1403607040.00 
5-Jun-18,0.661898,0.68384,0.641428,0.677015,386328000.00 ,204097536.00 
6-Jun-18,0.677901,0.681668,0.660059,0.674797,273966016.00 ,832069632.00 
7-Jun-18,0.675313,0.688223,0.673146,0.678128,244568000.00 ,730507264.00 
8-Jun-18,0.677586,0.679668,0.660804,0.674343,221887008.00 ,821585920.00 
9-Jun-18,0.674778,0.678893,0.659755,0.659755,175990000.00 ,711378944.00 
10-Jun-18,0.659514,0.659514,0.561237,0.588126,492555008.00 ,112365568.00 
11-Jun-18,0.586198,0.604066,0.568721,0.604066,336547008.00 ,1530097664.00 
12-Jun-18,0.602136,0.602139,0.556653,0.562933,309544000.00 ,-2139389952.00 
13-Jun-18,0.562845,0.564642,0.517036,0.534663,359864992.00 ,613627904.00 
14-Jun-18,0.535435,0.57059,0.526614,0.561306,379824992.00 ,-462065664.00 
15-Jun-18,0.560062,0.560062,0.534301,0.537707,241684992.00 ,504963072.00 
16-Jun-18,0.537106,0.539293,0.523588,0.534784,202682000.00 ,-395958272.00 
17-Jun-18,0.535536,0.538881,0.525215,0.528216,166028000.00 ,-457574400.00 
18-Jun-18,0.52882,0.547794,0.511833,0.537495,276527008.00 ,-721139712.00 
19-Jun-18,0.538614,0.558059,0.534595,0.549621,255400000.00 ,-336764928.00 
20-Jun-18,0.549738,0.550554,0.525859,0.539286,256920000.00 ,99803136.00 
21-Jun-18,0.539228,0.547007,0.530697,0.534775,194312000.00 ,-312676352.00 
22-Jun-18,0.535091,0.535091,0.477286,0.486947,339428992.00 ,-475037696.00 
23-Jun-18,0.487309,0.496713,0.480874,0.491284,204927008.00 ,1944719360.00 
24-Jun-18,0.491773,0.493725,0.450048,0.47738,369520000.00 ,2119905280.00 
25-Jun-18,0.477106,0.49111,0.47556,0.481753,231728992.00 ,1544300544.00 
26-Jun-18,0.482381,0.482872,0.456001,0.456001,179426000.00 ,1759404032.00 
27-Jun-18,0.455551,0.472758,0.45196,0.47037,215618000.00 ,706019328.00 
28-Jun-18,0.47033,0.471683,0.44575,0.448458,220566000.00 ,1286254592.00 
29-Jun-18,0.448354,0.45834,0.427302,0.45308,309777984.00 ,423448576.00 
30-Jun-18,0.454112,0.480147,0.454112,0.466245,345528992.00 ,649519104.00 
1-Jul-18,0.465944,0.46628,0.450816,0.461358,267224992.00 ,1114068992.00 
2-Jul-18,0.461606,0.488924,0.453839,0.486122,335919008.00 ,943751168.00 
3-Jul-18,0.486259,0.515696,0.480843,0.485223,410225984.00 ,1911678976.00 
4-Jul-18,0.485584,0.503604,0.475774,0.490043,313828992.00 ,1885175808.00 
5-Jul-18,0.490422,0.497402,0.472966,0.481625,279999008.00 ,2075127808.00 
6-Jul-18,0.480579,0.481473,0.462414,0.479151,245003008.00 ,1688836096.00 
7-Jul-18,0.478617,0.492477,0.467716,0.492477,214979008.00 ,1611804672.00 
8-Jul-18,0.492319,0.494895,0.475966,0.477749,226644000.00 ,-2145189888.00 
9-Jul-18,0.477291,0.480774,0.472653,0.47427,206344992.00 ,1559742464.00 
10-Jul-18,0.473855,0.474336,0.443261,0.445042,230418000.00 ,1424836608.00 
11-Jul-18,0.445127,0.452545,0.443574,0.450233,183887008.00 ,296904704.00 
12-Jul-18,0.449882,0.449972,0.428033,0.435364,182139008.00 ,483598336.00 
13-Jul-18,0.436514,0.444508,0.434805,0.438741,179403008.00 ,-41263104.00 
14-Jul-18,0.438561,0.441646,0.433895,0.439271,134840992.00 ,39106560.00 
15-Jul-18,0.439095,0.448987,0.437194,0.445894,152903008.00 ,60073984.00 
16-Jul-18,0.446413,0.483401,0.444505,0.483401,269283008.00 ,347396096.00 
17-Jul-18,0.481301,0.516604,0.470048,0.505587,347700000.00 ,1717184512.00 
18-Jul-18,0.505118,0.51956,0.477234,0.486389,367988992.00 ,-1642668032.00 
19-Jul-18,0.487577,0.491237,0.471724,0.476433,293942016.00 ,1963595776.00 
20-Jul-18,0.476485,0.476485,0.436483,0.446994,295403008.00 ,1553465344.00 
21-Jul-18,0.446219,0.458755,0.438318,0.45541,180339008.00 ,363536384.00 
22-Jul-18,0.455002,0.460989,0.44914,0.449311,158906000.00 ,708845568.00 
23-Jul-18,0.449121,0.461783,0.444498,0.445276,194542000.00 ,477630464.00 
24-Jul-18,0.445559,0.466819,0.438565,0.457623,319956000.00 ,337588224.00 
25-Jul-18,0.455842,0.465526,0.450719,0.459829,255872000.00 ,741869568.00 
26-Jul-18,0.459447,0.466983,0.446849,0.44992,199587008.00 ,883603456.00 
27-Jul-18,0.449623,0.459486,0.445224,0.453635,203720992.00 ,497364992.00 
28-Jul-18,0.454599,0.45617,0.449695,0.453667,157346000.00 ,693000192.00 
29-Jul-18,0.456606,0.45714,0.450249,0.453306,191966000.00 ,771907584.00 
30-Jul-18,0.453469,0.454549,0.436964,0.446107,247714000.00 ,648574809.00 
31-Jul-18,0.445892,0.446124,0.427753,0.435225,228767000.00 ,350664563.00 
1-Aug-18,0.435562,0.459134,0.427168,0.445852,323200000.00 ,-55469632.00 
2-Aug-18,0.447016,0.447645,0.429939,0.430254,204898000.00 ,394865723.00 
3-Aug-18,0.430397,0.443633,0.426481,0.440571,278870000.00 ,-258520325.00 
4-Aug-18,0.441039,0.443058,0.427125,0.428507,185678000.00 ,152924445.00 
5-Aug-18,0.42858,0.434594,0.427522,0.433638,186848000.00 ,-336722451.00 
6-Aug-18,0.433886,0.435794,0.40668,0.414081,242075000.00 ,-128187732.00 
7-Aug-18,0.413776,0.415917,0.379526,0.381006,244448000.00 ,-918505132.00 
8-Aug-18,0.380875,0.380875,0.326996,0.331944,360857000.00 ,2083439852.00 
9-Aug-18,0.333771,0.359654,0.332608,0.346771,325775000.00 ,232264374.00 
10-Aug-18,0.346167,0.347973,0.316909,0.320426,249264000.00 ,719423583.00 
11-Aug-18,0.321122,0.32121,0.291582,0.301262,284423000.00 ,-264860810.00 
12-Aug-18,0.300604,0.309376,0.297057,0.29787,178827000.00 ,-1071200603.00 
13-Aug-18,0.297572,0.31068,0.276544,0.277466,235117000.00 ,-1190354265.00 
14-Aug-18,0.278738,0.279615,0.253983,0.274272,276768000.00 ,-1910332399.00 
15-Aug-18,0.276797,0.301744,0.276797,0.282005,332432000.00 ,-1986735273.00 
16-Aug-18,0.282034,0.300958,0.278203,0.292436,238219000.00 ,-1780561449.00 
17-Aug-18,0.292808,0.373619,0.292766,0.366676,497206000.00 ,-1356343798.00 
18-Aug-18,0.363027,0.369954,0.317115,0.3271,434332000.00 ,1408345945.00 
19-Aug-18,0.327363,0.353079,0.321945,0.343978,327300000.00 ,4153745.00 
20-Aug-18,0.344451,0.351689,0.317692,0.319283,311144000.00 ,676949150.00 
21-Aug-18,0.318219,0.3381,0.316983,0.335177,248735000.00 ,-355837289.00 
22-Aug-18,0.334434,0.350122,0.316613,0.319803,286845000.00 ,282567259.00 
23-Aug-18,0.319573,0.328813,0.319176,0.327709,217578000.00 ,-253947175.00 
24-Aug-18,0.32739,0.328584,0.318217,0.327606,244571000.00 ,55043010.00 
25-Aug-18,0.32765,0.33153,0.324468,0.32823,167363000.00 ,65314491.00 
26-Aug-18,0.328162,0.328327,0.320571,0.323776,168718000.00 ,85555906.00 
27-Aug-18,0.323643,0.337781,0.323066,0.336903,227284000.00 ,-93057143.00 
28-Aug-18,0.337527,0.356798,0.334971,0.351837,329550000.00 ,487314823.00 
29-Aug-18,0.350833,0.353745,0.341238,0.344803,275908000.00 ,1014455501.00 
30-Aug-18,0.344546,0.34664,0.325641,0.335444,263925000.00 ,776413562.00 
31-Aug-18,0.335474,0.338988,0.328373,0.335332,219139000.00 ,416707145.00 
2018/9/1,0.335313,0.352657,0.334467,0.347721,257267000.00 ,410322600.00 
2018/9/2,0.347323,0.349541,0.338393,0.342523,240907000.00 ,886521260.00 
2018/9/3,0.343137,0.343684,0.334542,0.335961,201147000.00 ,720523093.00 
2018/9/4,0.335184,0.34032,0.330305,0.331652,241419000.00 ,405209528.00 
2018/9/5,0.331465,0.3341,0.283601,0.283601,344488000.00 ,257724533.00 
2018/9/6,0.2835,0.305327,0.276112,0.30271,329763000.00 ,-1644102943.00 
2018/9/7,0.301431,0.305307,0.287287,0.291435,213961000.00 ,-933098848.00 
2018/9/8,0.291119,0.296207,0.273789,0.279333,169208000.00 ,-1341989776.00 
2018/9/9,0.278661,0.291261,0.274478,0.27868,168991000.00 ,-1835946523.00 
2018/9/10,0.280237,0.282113,0.26382,0.270321,204958000.00 ,-1773465899.00 
2018/9/11,0.270167,0.274917,0.255917,0.26371,200330000.00 ,2139164959.00 
2018/9/12,0.263166,0.272626,0.255756,0.270087,298449000.00 ,1861148983.00 
2018/9/13,0.270783,0.284655,0.267846,0.280583,311799000.00 ,-2131325644.00 
2018/9/14,0.281184,0.284941,0.273855,0.277159,269029000.00 ,-1718270666.00 
2018/9/15,0.277006,0.283564,0.276765,0.282008,205361000.00 ,-1857534270.00 
2018/9/16,0.281723,0.281846,0.276549,0.281166,197009000.00 ,-1669769432.00 
2018/9/17,0.281545,0.283361,0.268184,0.272251,246489000.00 ,-1676874797.00 
2018/9/18,0.271452,0.332653,0.27101,0.32186,600216000.00 ,-2078631093.00 
2018/9/19,0.320324,0.334734,0.313853,0.326053,489609000.00 ,-133086065.00 
2018/9/20,0.326441,0.477467,0.322347,0.449918,1291360000.00 ,110394618.00 
2018/9/21,0.452836,0.76938,0.429052,0.561462,-193477296.00 ,847114267.00 
2018/9/22,0.565468,0.609112,0.495737,0.570798,-1883537296.00 ,1035937721.00 
2018/9/23,0.57522,0.595025,0.559651,0.570689,1043970000.00 ,1424152416.00 
2018/9/24,0.570614,0.580377,0.489646,0.494712,1034380000.00 ,1240782013.00 
2018/9/25,0.487622,0.546061,0.441519,0.526941,1639680000.00 ,-2032905217.00 
2018/9/26,0.520288,0.566711,0.491498,0.516308,1821610000.00 ,-730475120.00 
2018/9/27,0.516478,0.550922,0.513967,0.541381,824083000.00 ,-882406583.00 
2018/9/28,0.54303,0.548805,0.522197,0.539112,718255000.00 ,176277499.00 
2018/9/29,0.539412,0.587431,0.529954,0.571228,1034370000.00 ,31993584.00 
2018/9/30,0.568045,0.618702,0.564195,0.581572,1329720000.00 ,1173645729.00 
2018/10/1,0.583511,0.602337,0.537349,0.576461,1412800000.00 ,1790292930.00 
2018/10/2,0.577145,0.577145,0.518287,0.520837,743705000.00 ,1573680466.00 
2018/10/3,0.51722,0.536097,0.512269,0.528162,789229000.00 ,-819456937.00 
2018/10/4,0.528892,0.547161,0.52625,0.526606,621615000.00 ,-353301464.00 
2018/10/5,0.52753,0.530432,0.51032,0.519026,589636000.00 ,-407715944.00 
2018/10/6,0.519354,0.520882,0.470532,0.488082,672167000.00 ,-734240910.00 
2018/10/7,0.490268,0.490268,0.469887,0.482039,548645000.00 ,-1895786538.00 
2018/10/8,0.484018,0.496593,0.479386,0.489751,540832000.00 ,-2145377855.00 
2018/10/9,0.490604,0.491133,0.471116,0.479857,416867000.00 ,-1882359063.00 
2018/10/10,0.479151,0.479151,0.459042,0.462387,412207000.00 ,1955239771.00 
2018/10/11,0.461497,0.461497,0.381614,0.38313,791202000.00 ,1278924217.00 
2018/10/12,0.379313,0.439544,0.378914,0.419115,820154000.00 ,-2008262300.00 
2018/10/13,0.416294,0.425624,0.414515,0.418878,373875000.00 ,-529091247.00 
2018/10/14,0.418573,0.424992,0.40146,0.403286,289195000.00 ,-437945638.00 
2018/10/15,0.401654,0.472133,0.396701,0.447316,1041470000.00 ,-1114669864.00 
2018/10/16,0.448066,0.47099,0.445319,0.470253,605102000.00 ,741717869.00 
2018/10/17,0.469701,0.478521,0.460343,0.468197,526538000.00 ,1607042686.00 
2018/10/18,0.467653,0.474622,0.447294,0.457725,476876000.00 ,1525140019.00 
2018/10/19,0.457344,0.460625,0.450369,0.454178,303401000.00 ,1112827817.00 
2018/10/20,0.453936,0.461899,0.45107,0.459151,277061000.00 ,976496216.00 
2018/10/21,0.458863,0.463629,0.455411,0.456694,262867000.00 ,1173547054.00 
2018/10/22,0.456089,0.458188,0.450583,0.453109,249302000.00 ,1062606721.00 
2018/10/23,0.45307,0.471596,0.439644,0.462058,445238000.00 ,941853661.00 
